ISO-10303-21;
HEADER;
FILE_DESCRIPTION (( 'STEP AP214' ),
    '1' );
FILE_NAME ('2.13inch e-Paper HAT bwr v3.STEP',
    '2023-01-16T21:44:03',
    ( '' ),
    ( '' ),
    'SwSTEP 2.0',
    'SolidWorks 2023',
    '' );
FILE_SCHEMA (( 'AUTOMOTIVE_DESIGN' ));
ENDSEC;

DATA;
#1 = EDGE_CURVE ( 'NONE', #1455, #230, #1363, .T. ) ;
#2 = CARTESIAN_POINT ( 'NONE',  ( -28.00000000000000711, 12.65500000000000114, 2.990000000000000213 ) ) ;
#3 = LINE ( 'NONE', #421, #160 ) ;
#4 = ORIENTED_EDGE ( 'NONE', *, *, #711, .T. ) ;
#5 = CARTESIAN_POINT ( 'NONE',  ( 0.000000000000000000, 0.000000000000000000, 0.000000000000000000 ) ) ;
#6 = EDGE_LOOP ( 'NONE', ( #996, #1148, #792, #708 ) ) ;
#7 = CARTESIAN_POINT ( 'NONE',  ( 32.75000000000000711, 6.500000000000003553, -0.9000000000000003553 ) ) ;
#8 = VECTOR ( 'NONE', #1397, 1000.000000000000000 ) ;
#9 = EDGE_CURVE ( 'NONE', #623, #1632, #1774, .T. ) ;
#10 = DIRECTION ( 'NONE',  ( -1.000000000000000000, 5.551115123125782702E-16, 0.000000000000000000 ) ) ;
#11 = VECTOR ( 'NONE', #1354, 1000.000000000000000 ) ;
#12 = CARTESIAN_POINT ( 'NONE',  ( 23.74999999999999289, -7.499999999999997335, 0.000000000000000000 ) ) ;
#13 = EDGE_LOOP ( 'NONE', ( #933, #1331, #153, #1542 ) ) ;
#14 = AXIS2_PLACEMENT_3D ( 'NONE', #689, #1120, #1275 ) ;
#15 = CARTESIAN_POINT ( 'NONE',  ( 32.75000000000000000, -7.699999999999998401, 3.000000000000000000 ) ) ;
#16 = ORIENTED_EDGE ( 'NONE', *, *, #1751, .T. ) ;
#17 = EDGE_CURVE ( 'NONE', #1131, #1619, #1370, .T. ) ;
#18 = CARTESIAN_POINT ( 'NONE',  ( 22.14999999999998082, -7.749999999999996447, 2.990000000000000213 ) ) ;
#19 = DIRECTION ( 'NONE',  ( -0.000000000000000000, -0.000000000000000000, 1.000000000000000000 ) ) ;
#20 = DIRECTION ( 'NONE',  ( 0.000000000000000000, 0.000000000000000000, -1.000000000000000000 ) ) ;
#21 = EDGE_CURVE ( 'NONE', #892, #1311, #110, .T. ) ;
#22 = ORIENTED_EDGE ( 'NONE', *, *, #1664, .F. ) ;
#23 = ORIENTED_EDGE ( 'NONE', *, *, #190, .T. ) ;
#24 = CARTESIAN_POINT ( 'NONE',  ( 29.59999999999999787, 6.500000000000003553, -0.9000000000000000222 ) ) ;
#25 = DIRECTION ( 'NONE',  ( 0.000000000000000000, 0.000000000000000000, 1.000000000000000000 ) ) ;
#26 = DIRECTION ( 'NONE',  ( -1.000000000000000000, -1.311700170870931838E-16, 0.000000000000000000 ) ) ;
#27 = VECTOR ( 'NONE', #661, 1000.000000000000000 ) ;
#28 = LINE ( 'NONE', #1056, #1562 ) ;
#29 = EDGE_CURVE ( 'NONE', #912, #1437, #1626, .T. ) ;
#30 = DIRECTION ( 'NONE',  ( -1.000000000000000000, 6.938893903907226405E-16, 0.000000000000000000 ) ) ;
#31 = ORIENTED_EDGE ( 'NONE', *, *, #1650, .T. ) ;
#32 = EDGE_LOOP ( 'NONE', ( #726, #950, #1026, #1132, #41, #686, #1254, #1590 ) ) ;
#33 = CARTESIAN_POINT ( 'NONE',  ( 25.39999999999999858, -8.400000000000007461, 0.000000000000000000 ) ) ;
#34 = LINE ( 'NONE', #572, #777 ) ;
#35 = FILL_AREA_STYLE ('',( #150 ) ) ;
#36 = VECTOR ( 'NONE', #1630, 1000.000000000000000 ) ;
#37 = FACE_OUTER_BOUND ( 'NONE', #407, .T. ) ;
#38 = PLANE ( 'NONE',  #398 ) ;
#39 = VERTEX_POINT ( 'NONE', #513 ) ;
#40 = AXIS2_PLACEMENT_3D ( 'NONE', #648, #1637, #937 ) ;
#41 = ORIENTED_EDGE ( 'NONE', *, *, #292, .F. ) ;
#42 = LINE ( 'NONE', #1244, #624 ) ;
#43 = APPLICATION_CONTEXT ( 'automotive_design' ) ;
#44 = LINE ( 'NONE', #1186, #718 ) ;
#45 = DIRECTION ( 'NONE',  ( 0.000000000000000000, 1.000000000000000000, 0.000000000000000000 ) ) ;
#46 = FACE_OUTER_BOUND ( 'NONE', #764, .T. ) ;
#47 = VERTEX_POINT ( 'NONE', #382 ) ;
#48 = ORIENTED_EDGE ( 'NONE', *, *, #1255, .F. ) ;
#49 = LINE ( 'NONE', #1584, #923 ) ;
#50 = EDGE_CURVE ( 'NONE', #1759, #415, #672, .T. ) ;
#51 = ORIENTED_EDGE ( 'NONE', *, *, #906, .F. ) ;
#52 = DIRECTION ( 'NONE',  ( 0.000000000000000000, 1.000000000000000000, 0.000000000000000000 ) ) ;
#53 = DIRECTION ( 'NONE',  ( 0.000000000000000000, 0.000000000000000000, -1.000000000000000000 ) ) ;
#54 = VECTOR ( 'NONE', #860, 1000.000000000000000 ) ;
#55 = FACE_OUTER_BOUND ( 'NONE', #755, .T. ) ;
#56 = ORIENTED_EDGE ( 'NONE', *, *, #432, .T. ) ;
#57 = AXIS2_PLACEMENT_3D ( 'NONE', #1444, #740, #732 ) ;
#58 = EDGE_LOOP ( 'NONE', ( #884, #1613, #1341, #1827 ) ) ;
#59 = CARTESIAN_POINT ( 'NONE',  ( -27.20000000000001350, -11.85500000000000043, 2.990000000000000213 ) ) ;
#60 = VERTEX_POINT ( 'NONE', #938 ) ;
#61 = CARTESIAN_POINT ( 'NONE',  ( 32.75000000000000000, 6.500000000000003553, 3.000000000000000000 ) ) ;
#62 = DIRECTION ( 'NONE',  ( 1.000000000000000000, 0.000000000000000000, 0.000000000000000000 ) ) ;
#63 = CARTESIAN_POINT ( 'NONE',  ( -25.40000000000000213, -8.400000000000000355, -3.899999999999999911 ) ) ;
#64 = ORIENTED_EDGE ( 'NONE', *, *, #658, .T. ) ;
#65 = VERTEX_POINT ( 'NONE', #1080 ) ;
#66 = PLANE ( 'NONE',  #747 ) ;
#67 = EDGE_CURVE ( 'NONE', #602, #1116, #1332, .T. ) ;
#68 = ORIENTED_EDGE ( 'NONE', *, *, #1786, .T. ) ;
#69 = VECTOR ( 'NONE', #1000, 1000.000000000000000 ) ;
#70 = DIRECTION ( 'NONE',  ( 0.000000000000000000, -0.000000000000000000, -1.000000000000000000 ) ) ;
#71 = CARTESIAN_POINT ( 'NONE',  ( -25.40000000000000213, -8.400000000000000355, -3.899999999999999911 ) ) ;
#72 = CARTESIAN_POINT ( 'NONE',  ( 29.59999999999999787, 6.500000000000003553, -0.9000000000000000222 ) ) ;
#73 = LINE ( 'NONE', #1410, #54 ) ;
#74 = EDGE_CURVE ( 'NONE', #601, #848, #801, .T. ) ;
#75 = ORIENTED_EDGE ( 'NONE', *, *, #1660, .T. ) ;
#76 = DIRECTION ( 'NONE',  ( 0.000000000000000000, 0.000000000000000000, -1.000000000000000000 ) ) ;
#77 = CYLINDRICAL_SURFACE ( 'NONE', #1043, 2.999999999999999112 ) ;
#78 = ORIENTED_EDGE ( 'NONE', *, *, #213, .F. ) ;
#79 = DIRECTION ( 'NONE',  ( 1.000000000000000000, -2.238352872228138170E-16, 0.000000000000000000 ) ) ;
#80 = PRODUCT_DEFINITION_SHAPE ( 'NONE', 'NONE',  #1144 ) ;
#81 = FILL_AREA_STYLE_COLOUR ( '', #236 ) ;
#82 = LINE ( 'NONE', #1230, #1606 ) ;
#83 = LINE ( 'NONE', #1658, #469 ) ;
#84 = EDGE_CURVE ( 'NONE', #1619, #324, #1240, .T. ) ;
#85 = CIRCLE ( 'NONE', #1004, 2.999999999999999112 ) ;
#86 = ORIENTED_EDGE ( 'NONE', *, *, #104, .F. ) ;
#87 = VECTOR ( 'NONE', #678, 1000.000000000000000 ) ;
#88 = EDGE_CURVE ( 'NONE', #710, #1549, #1091, .T. ) ;
#89 = LINE ( 'NONE', #985, #1466 ) ;
#90 = ADVANCED_FACE ( 'NONE', ( #1068 ), #1508, .F. ) ;
#91 = DIRECTION ( 'NONE',  ( 0.000000000000000000, -1.000000000000000000, 0.000000000000000000 ) ) ;
#92 = ORIENTED_EDGE ( 'NONE', *, *, #1585, .T. ) ;
#93 = LINE ( 'NONE', #1655, #8 ) ;
#94 = LINE ( 'NONE', #1498, #799 ) ;
#95 = DIRECTION ( 'NONE',  ( 1.000000000000000000, 0.000000000000000000, 0.000000000000000000 ) ) ;
#96 = DIRECTION ( 'NONE',  ( 5.551115123125782702E-16, 1.000000000000000000, 0.000000000000000000 ) ) ;
#97 = AXIS2_PLACEMENT_3D ( 'NONE', #7, #849, #858 ) ;
#98 = ORIENTED_EDGE ( 'NONE', *, *, #473, .F. ) ;
#99 = VECTOR ( 'NONE', #1047, 1000.000000000000000 ) ;
#100 = DIRECTION ( 'NONE',  ( -1.000000000000000000, 0.000000000000000000, 0.000000000000000000 ) ) ;
#101 = DIRECTION ( 'NONE',  ( 1.000000000000000000, -8.673617379884035472E-17, 0.000000000000000000 ) ) ;
#102 = ORIENTED_EDGE ( 'NONE', *, *, #1414, .T. ) ;
#103 = VECTOR ( 'NONE', #951, 1000.000000000000000 ) ;
#104 = EDGE_CURVE ( 'NONE', #1648, #904, #1524, .T. ) ;
#105 = CARTESIAN_POINT ( 'NONE',  ( 29.59999999999999787, 6.500000000000003553, -1.300000000000000044 ) ) ;
#106 = CIRCLE ( 'NONE', #1441, 2.149999999999999911 ) ;
#107 = CARTESIAN_POINT ( 'NONE',  ( -30.00000000000001421, -14.69999999999999929, 1.600000000000000089 ) ) ;
#108 = EDGE_CURVE ( 'NONE', #221, #971, #1516, .T. ) ;
#109 = CARTESIAN_POINT ( 'NONE',  ( -29.60000000000001208, 12.20000000000000284, 1.600000000000000089 ) ) ;
#110 = LINE ( 'NONE', #1231, #947 ) ;
#111 = EDGE_LOOP ( 'NONE', ( #1265, #194, #735, #1779 ) ) ;
#112 = DIRECTION ( 'NONE',  ( 0.000000000000000000, -1.000000000000000000, 0.000000000000000000 ) ) ;
#113 = ORIENTED_EDGE ( 'NONE', *, *, #997, .F. ) ;
#114 = CARTESIAN_POINT ( 'NONE',  ( 32.75000000000000000, -5.999999999999997335, -0.9000000000000000222 ) ) ;
#115 = LINE ( 'NONE', #958, #1349 ) ;
#116 = CARTESIAN_POINT ( 'NONE',  ( -30.00000000000001421, 14.69999999999999929, 1.600000000000000089 ) ) ;
#117 = EDGE_CURVE ( 'NONE', #1564, #710, #1382, .T. ) ;
#118 = ORIENTED_EDGE ( 'NONE', *, *, #84, .T. ) ;
#119 = CIRCLE ( 'NONE', #1155, 2.999999999999999112 ) ;
#120 = PLANE ( 'NONE',  #1775 ) ;
#121 = ORIENTED_EDGE ( 'NONE', *, *, #578, .F. ) ;
#122 = DIRECTION ( 'NONE',  ( -0.000000000000000000, 0.000000000000000000, 1.000000000000000000 ) ) ;
#123 = PLANE ( 'NONE',  #14 ) ;
#124 = VERTEX_POINT ( 'NONE', #530 ) ;
#125 = AXIS2_PLACEMENT_3D ( 'NONE', #1095, #1652, #1503 ) ;
#126 = CARTESIAN_POINT ( 'NONE',  ( -10.00000000000000533, 9.200000000000004619, -5.469999999999999751 ) ) ;
#127 = ORIENTED_EDGE ( 'NONE', *, *, #878, .F. ) ;
#128 = CARTESIAN_POINT ( 'NONE',  ( 32.74999999999999289, 6.500000000000003553, 2.599999999999999645 ) ) ;
#129 = LINE ( 'NONE', #697, #855 ) ;
#130 = VECTOR ( 'NONE', #386, 1000.000000000000000 ) ;
#131 = CARTESIAN_POINT ( 'NONE',  ( 32.75000000000000000, -5.999999999999997335, -0.9000000000000000222 ) ) ;
#132 = PLANE ( 'NONE',  #1682 ) ;
#133 = PLANE ( 'NONE',  #813 ) ;
#134 = EDGE_CURVE ( 'NONE', #124, #773, #83, .T. ) ;
#135 = ORIENTED_EDGE ( 'NONE', *, *, #940, .F. ) ;
#136 = ADVANCED_FACE ( 'NONE', ( #649 ), #505, .F. ) ;
#137 = DIRECTION ( 'NONE',  ( 0.000000000000000000, -1.000000000000000000, 0.000000000000000000 ) ) ;
#138 = MANIFOLD_SOLID_BREP ( 'jst connector', #768 ) ;
#139 = ORIENTED_EDGE ( 'NONE', *, *, #674, .T. ) ;
#140 = DIRECTION ( 'NONE',  ( 0.000000000000000000, 1.000000000000000000, 0.000000000000000000 ) ) ;
#141 = CARTESIAN_POINT ( 'NONE',  ( 32.75000000000000000, -5.999999999999997335, 2.600000000000000089 ) ) ;
#142 = FACE_OUTER_BOUND ( 'NONE', #1189, .T. ) ;
#143 = DIRECTION ( 'NONE',  ( 1.000000000000000000, 0.000000000000000000, 0.000000000000000000 ) ) ;
#144 = VERTEX_POINT ( 'NONE', #270 ) ;
#145 = DIRECTION ( 'NONE',  ( 0.000000000000000000, 0.000000000000000000, -1.000000000000000000 ) ) ;
#146 = ORIENTED_EDGE ( 'NONE', *, *, #1413, .T. ) ;
#147 = EDGE_CURVE ( 'NONE', #1371, #1006, #1533, .T. ) ;
#148 = DIRECTION ( 'NONE',  ( 0.000000000000000000, 0.000000000000000000, 1.000000000000000000 ) ) ;
#149 = VECTOR ( 'NONE', #180, 1000.000000000000000 ) ;
#150 = FILL_AREA_STYLE_COLOUR ( '', #723 ) ;
#151 = FACE_OUTER_BOUND ( 'NONE', #1086, .T. ) ;
#152 = CARTESIAN_POINT ( 'NONE',  ( 24.89999999999998792, -7.749999999999996447, 2.990000000000000213 ) ) ;
#153 = ORIENTED_EDGE ( 'NONE', *, *, #1434, .T. ) ;
#154 = ORIENTED_EDGE ( 'NONE', *, *, #903, .T. ) ;
#155 = VECTOR ( 'NONE', #612, 1000.000000000000000 ) ;
#156 = CARTESIAN_POINT ( 'NONE',  ( -25.40000000000000213, -13.40000000000000213, 0.000000000000000000 ) ) ;
#157 = AXIS2_PLACEMENT_3D ( 'NONE', #1237, #677, #1545 ) ;
#158 = EDGE_CURVE ( 'NONE', #683, #1212, #614, .T. ) ;
#159 = ADVANCED_FACE ( 'NONE', ( #1260 ), #1121, .F. ) ;
#160 = VECTOR ( 'NONE', #1269, 1000.000000000000000 ) ;
#161 = FACE_OUTER_BOUND ( 'NONE', #1206, .T. ) ;
#162 = EDGE_LOOP ( 'NONE', ( #1174, #840, #206, #629 ) ) ;
#163 = MECHANICAL_DESIGN_GEOMETRIC_PRESENTATION_REPRESENTATION (  '', ( #191 ), #488 ) ;
#164 = EDGE_LOOP ( 'NONE', ( #953, #667, #175, #1464 ) ) ;
#165 = DIRECTION ( 'NONE',  ( 0.000000000000000000, -1.000000000000000000, 0.000000000000000000 ) ) ;
#166 = LINE ( 'NONE', #451, #1109 ) ;
#167 = EDGE_CURVE ( 'NONE', #745, #1371, #854, .T. ) ;
#168 = LINE ( 'NONE', #284, #569 ) ;
#169 = CARTESIAN_POINT ( 'NONE',  ( -28.00000000000000355, -12.65500000000000114, 3.000000000000000000 ) ) ;
#170 = EDGE_CURVE ( 'NONE', #902, #1670, #73, .T. ) ;
#171 = LINE ( 'NONE', #1302, #366 ) ;
#172 = EDGE_LOOP ( 'NONE', ( #1036, #475, #584, #986 ) ) ;
#173 = ADVANCED_FACE ( 'NONE', ( #1268 ), #132, .F. ) ;
#174 =( NAMED_UNIT ( * ) SI_UNIT ( $, .STERADIAN. ) SOLID_ANGLE_UNIT ( ) );
#175 = ORIENTED_EDGE ( 'NONE', *, *, #903, .F. ) ;
#176 = CARTESIAN_POINT ( 'NONE',  ( -30.00000000000001421, -14.69999999999999929, 3.000000000000000000 ) ) ;
#177 = LINE ( 'NONE', #1442, #511 ) ;
#178 = DIRECTION ( 'NONE',  ( -1.311700170870931838E-16, 1.000000000000000000, 0.000000000000000000 ) ) ;
#179 = VECTOR ( 'NONE', #254, 1000.000000000000000 ) ;
#180 = DIRECTION ( 'NONE',  ( 1.000000000000000000, 0.000000000000000000, 0.000000000000000000 ) ) ;
#181 = DIRECTION ( 'NONE',  ( -1.000000000000000000, 0.000000000000000000, -0.000000000000000000 ) ) ;
#182 = ORIENTED_EDGE ( 'NONE', *, *, #224, .T. ) ;
#183 = ORIENTED_EDGE ( 'NONE', *, *, #1453, .F. ) ;
#184 = DIRECTION ( 'NONE',  ( -1.000000000000000000, 0.000000000000000000, 0.000000000000000000 ) ) ;
#185 = VECTOR ( 'NONE', #231, 1000.000000000000000 ) ;
#186 = CARTESIAN_POINT ( 'NONE',  ( -27.20000000000001350, -11.85500000000000043, 2.979999999999999982 ) ) ;
#187 = CARTESIAN_POINT ( 'NONE',  ( 29.59999999999999076, -5.999999999999997335, -0.9000000000000000222 ) ) ;
#188 = VERTEX_POINT ( 'NONE', #1001 ) ;
#189 = MECHANICAL_DESIGN_GEOMETRIC_PRESENTATION_REPRESENTATION (  '', ( #696 ), #782 ) ;
#190 = EDGE_CURVE ( 'NONE', #911, #1335, #1128, .T. ) ;
#191 = STYLED_ITEM ( 'NONE', ( #1443 ), #1082 ) ;
#192 = ORIENTED_EDGE ( 'NONE', *, *, #651, .T. ) ;
#193 = CARTESIAN_POINT ( 'NONE',  ( -30.00000000000001421, 14.69999999999999929, 3.000000000000000000 ) ) ;
#194 = ORIENTED_EDGE ( 'NONE', *, *, #1287, .F. ) ;
#195 = ADVANCED_FACE ( 'NONE', ( #977 ), #582, .F. ) ;
#196 = DIRECTION ( 'NONE',  ( -0.000000000000000000, -0.000000000000000000, 1.000000000000000000 ) ) ;
#197 = LINE ( 'NONE', #1169, #149 ) ;
#198 = DIRECTION ( 'NONE',  ( 5.551115123125781716E-16, -1.000000000000000000, 0.000000000000000000 ) ) ;
#199 = ORIENTED_EDGE ( 'NONE', *, *, #1453, .T. ) ;
#200 = ORIENTED_EDGE ( 'NONE', *, *, #519, .T. ) ;
#201 = LINE ( 'NONE', #357, #1285 ) ;
#202 = ORIENTED_EDGE ( 'NONE', *, *, #501, .T. ) ;
#203 = DIRECTION ( 'NONE',  ( 0.000000000000000000, -0.000000000000000000, -1.000000000000000000 ) ) ;
#204 = DIRECTION ( 'NONE',  ( 0.000000000000000000, -0.000000000000000000, 1.000000000000000000 ) ) ;
#205 = DIRECTION ( 'NONE',  ( 1.000000000000000000, -1.365923996832131609E-16, 0.000000000000000000 ) ) ;
#206 = ORIENTED_EDGE ( 'NONE', *, *, #589, .T. ) ;
#207 = ADVANCED_FACE ( 'NONE', ( #142 ), #1684, .T. ) ;
#208 = ORIENTED_EDGE ( 'NONE', *, *, #432, .F. ) ;
#209 = DIRECTION ( 'NONE',  ( -1.000000000000000000, 2.602085213965210642E-16, -0.000000000000000000 ) ) ;
#210 = ORIENTED_EDGE ( 'NONE', *, *, #954, .F. ) ;
#211 = LINE ( 'NONE', #778, #894 ) ;
#212 = LINE ( 'NONE', #1515, #293 ) ;
#213 = EDGE_CURVE ( 'NONE', #47, #1131, #1418, .T. ) ;
#214 = FACE_OUTER_BOUND ( 'NONE', #164, .T. ) ;
#215 = ORIENTED_EDGE ( 'NONE', *, *, #1786, .F. ) ;
#216 = VECTOR ( 'NONE', #570, 1000.000000000000000 ) ;
#217 = ORIENTED_EDGE ( 'NONE', *, *, #1018, .T. ) ;
#218 = AXIS2_PLACEMENT_3D ( 'NONE', #1373, #143, #1788 ) ;
#219 = DIRECTION ( 'NONE',  ( -1.000000000000000000, 1.365923996832131609E-16, 0.000000000000000000 ) ) ;
#220 = CARTESIAN_POINT ( 'NONE',  ( 29.39999999999998792, -14.69999999999999929, 3.000000000000000000 ) ) ;
#221 = VERTEX_POINT ( 'NONE', #1693 ) ;
#222 = CARTESIAN_POINT ( 'NONE',  ( -29.60000000000001208, 15.20000000000000107, 0.000000000000000000 ) ) ;
#223 = CARTESIAN_POINT ( 'NONE',  ( 25.39999999999999858, -8.400000000000007461, -3.899999999999999911 ) ) ;
#224 = EDGE_CURVE ( 'NONE', #875, #745, #1277, .T. ) ;
#225 = PLANE ( 'NONE',  #1469 ) ;
#226 = CARTESIAN_POINT ( 'NONE',  ( -25.40000000000000213, -13.40000000000000213, 0.000000000000000000 ) ) ;
#227 = EDGE_LOOP ( 'NONE', ( #1296, #1462, #1439, #914 ) ) ;
#228 = CARTESIAN_POINT ( 'NONE',  ( 29.39999999999999147, -5.999999999999997335, 2.600000000000000089 ) ) ;
#229 = CARTESIAN_POINT ( 'NONE',  ( 29.39999999999998792, -14.69999999999999929, 3.000000000000000000 ) ) ;
#230 = VERTEX_POINT ( 'NONE', #1554 ) ;
#231 = DIRECTION ( 'NONE',  ( -1.000000000000000000, -0.000000000000000000, -0.000000000000000000 ) ) ;
#232 = DIRECTION ( 'NONE',  ( -0.000000000000000000, -0.000000000000000000, 1.000000000000000000 ) ) ;
#233 = CARTESIAN_POINT ( 'NONE',  ( 0.000000000000000000, 0.000000000000000000, -3.899999999999999911 ) ) ;
#234 = DIRECTION ( 'NONE',  ( -1.000000000000000000, 0.000000000000000000, 0.000000000000000000 ) ) ;
#235 = VERTEX_POINT ( 'NONE', #851 ) ;
#236 = COLOUR_RGB ( '',0.7921568627450980005, 0.8196078431372548767, 0.9333333333333333481 ) ;
#237 = PLANE ( 'NONE',  #249 ) ;
#238 = DIRECTION ( 'NONE',  ( 0.000000000000000000, 0.000000000000000000, -1.000000000000000000 ) ) ;
#239 = VERTEX_POINT ( 'NONE', #1426 ) ;
#240 = DIRECTION ( 'NONE',  ( 2.602085213965210642E-16, 1.000000000000000000, 0.000000000000000000 ) ) ;
#241 = CARTESIAN_POINT ( 'NONE',  ( 22.14999999999998082, 7.750000000000003553, 2.990000000000000213 ) ) ;
#242 = FACE_OUTER_BOUND ( 'NONE', #345, .T. ) ;
#243 = DIRECTION ( 'NONE',  ( -0.000000000000000000, -0.000000000000000000, 1.000000000000000000 ) ) ;
#244 = ORIENTED_EDGE ( 'NONE', *, *, #1796, .F. ) ;
#245 = STYLED_ITEM ( 'NONE', ( #807 ), #1392 ) ;
#246 = DIRECTION ( 'NONE',  ( -0.000000000000000000, -1.000000000000000000, 0.000000000000000000 ) ) ;
#247 = DIRECTION ( 'NONE',  ( -1.000000000000000000, 0.000000000000000000, -0.000000000000000000 ) ) ;
#248 = ORIENTED_EDGE ( 'NONE', *, *, #134, .T. ) ;
#249 = AXIS2_PLACEMENT_3D ( 'NONE', #1214, #652, #1777 ) ;
#250 = DIRECTION ( 'NONE',  ( -1.000000000000000000, 4.476705744456276341E-16, 0.000000000000000000 ) ) ;
#251 = COLOUR_RGB ( '',0.7921568627450980005, 0.8196078431372548767, 0.9333333333333333481 ) ;
#252 =( NAMED_UNIT ( * ) PLANE_ANGLE_UNIT ( ) SI_UNIT ( $, .RADIAN. ) );
#253 = ADVANCED_FACE ( 'NONE', ( #151 ), #714, .T. ) ;
#254 = DIRECTION ( 'NONE',  ( 0.000000000000000000, 1.000000000000000000, 0.000000000000000000 ) ) ;
#255 = ORIENTED_EDGE ( 'NONE', *, *, #554, .T. ) ;
#256 = LINE ( 'NONE', #824, #1074 ) ;
#257 = VERTEX_POINT ( 'NONE', #1702 ) ;
#258 =( LENGTH_UNIT ( ) NAMED_UNIT ( * ) SI_UNIT ( .MILLI., .METRE. ) );
#259 = CARTESIAN_POINT ( 'NONE',  ( 32.75000000000000000, -7.699999999999998401, 3.000000000000000000 ) ) ;
#260 = CARTESIAN_POINT ( 'NONE',  ( -28.00000000000000711, 12.65500000000000114, 2.990000000000000213 ) ) ;
#261 = DIRECTION ( 'NONE',  ( -1.000000000000000000, -0.000000000000000000, -0.000000000000000000 ) ) ;
#262 = ORIENTED_EDGE ( 'NONE', *, *, #104, .T. ) ;
#263 = EDGE_CURVE ( 'NONE', #1353, #971, #295, .T. ) ;
#264 = CLOSED_SHELL ( 'NONE', ( #690, #774, #460, #791, #1423, #670, #1271, #1401, #1603, #999, #1326, #253, #136, #207, #1723, #1556 ) ) ;
#265 = DIRECTION ( 'NONE',  ( -1.000000000000000000, -0.000000000000000000, -0.000000000000000000 ) ) ;
#266 = VERTEX_POINT ( 'NONE', #909 ) ;
#267 = DIRECTION ( 'NONE',  ( 1.000000000000000000, 0.000000000000000000, 0.000000000000000000 ) ) ;
#268 = CARTESIAN_POINT ( 'NONE',  ( 29.59999999999999076, -5.999999999999997335, -1.300000000000000044 ) ) ;
#269 = EDGE_CURVE ( 'NONE', #144, #1353, #85, .T. ) ;
#270 = CARTESIAN_POINT ( 'NONE',  ( 29.59999999999999432, 15.20000000000000107, 0.000000000000000000 ) ) ;
#271 = ORIENTED_EDGE ( 'NONE', *, *, #1448, .F. ) ;
#272 = LINE ( 'NONE', #702, #216 ) ;
#273 = VERTEX_POINT ( 'NONE', #315 ) ;
#274 = DIRECTION ( 'NONE',  ( 1.000000000000000000, 0.000000000000000000, -0.000000000000000000 ) ) ;
#275 = VECTOR ( 'NONE', #1576, 1000.000000000000000 ) ;
#276 = CARTESIAN_POINT ( 'NONE',  ( 21.34999999999998366, -11.85500000000000043, 2.979999999999999982 ) ) ;
#277 = DIRECTION ( 'NONE',  ( 0.000000000000000000, 0.000000000000000000, -1.000000000000000000 ) ) ;
#278 = CARTESIAN_POINT ( 'NONE',  ( -10.00000000000000533, 15.20000000000000107, -5.469999999999999751 ) ) ;
#279 = ORIENTED_EDGE ( 'NONE', *, *, #679, .T. ) ;
#280 = EDGE_CURVE ( 'NONE', #1245, #221, #119, .T. ) ;
#281 = DIRECTION ( 'NONE',  ( 1.000000000000000000, 0.000000000000000000, 0.000000000000000000 ) ) ;
#282 = VERTEX_POINT ( 'NONE', #321 ) ;
#283 = DIRECTION ( 'NONE',  ( -0.000000000000000000, -0.000000000000000000, 1.000000000000000000 ) ) ;
#284 = CARTESIAN_POINT ( 'NONE',  ( -30.00000000000001421, -14.69999999999999929, 3.000000000000000000 ) ) ;
#285 = CARTESIAN_POINT ( 'NONE',  ( 32.75000000000000000, 6.500000000000003553, 0.8499999999999995337 ) ) ;
#286 =( NAMED_UNIT ( * ) SI_UNIT ( $, .STERADIAN. ) SOLID_ANGLE_UNIT ( ) );
#287 = ORIENTED_EDGE ( 'NONE', *, *, #1529, .T. ) ;
#288 = LINE ( 'NONE', #15, #1631 ) ;
#289 = ORIENTED_EDGE ( 'NONE', *, *, #1636, .T. ) ;
#290 = EDGE_CURVE ( 'NONE', #415, #745, #1481, .T. ) ;
#291 = FACE_OUTER_BOUND ( 'NONE', #1557, .T. ) ;
#292 = EDGE_CURVE ( 'NONE', #144, #1212, #1309, .T. ) ;
#293 = VECTOR ( 'NONE', #779, 1000.000000000000000 ) ;
#294 = DIRECTION ( 'NONE',  ( 0.000000000000000000, 0.000000000000000000, -1.000000000000000000 ) ) ;
#295 = LINE ( 'NONE', #341, #1798 ) ;
#296 = PRESENTATION_STYLE_ASSIGNMENT (( #1711 ) ) ;
#297 = ORIENTED_EDGE ( 'NONE', *, *, #1698, .F. ) ;
#298 = ORIENTED_EDGE ( 'NONE', *, *, #213, .T. ) ;
#299 = LINE ( 'NONE', #1398, #533 ) ;
#300 = VECTOR ( 'NONE', #758, 1000.000000000000000 ) ;
#301 = LINE ( 'NONE', #1274, #717 ) ;
#302 = AXIS2_PLACEMENT_3D ( 'NONE', #955, #240, #668 ) ;
#303 = FACE_OUTER_BOUND ( 'NONE', #172, .T. ) ;
#304 = DIRECTION ( 'NONE',  ( -0.000000000000000000, -1.000000000000000000, 0.000000000000000000 ) ) ;
#305 = EDGE_CURVE ( 'NONE', #1116, #1455, #28, .T. ) ;
#306 = CIRCLE ( 'NONE', #1380, 2.999999999999999112 ) ;
#307 = FACE_OUTER_BOUND ( 'NONE', #32, .T. ) ;
#308 = ORIENTED_EDGE ( 'NONE', *, *, #757, .F. ) ;
#309 = VECTOR ( 'NONE', #198, 1000.000000000000000 ) ;
#310 = CARTESIAN_POINT ( 'NONE',  ( -10.00000000000000533, 9.200000000000004619, 0.000000000000000000 ) ) ;
#311 = VERTEX_POINT ( 'NONE', #169 ) ;
#312 = LINE ( 'NONE', #24, #1412 ) ;
#313 = DIRECTION ( 'NONE',  ( 1.000000000000000000, 0.000000000000000000, -0.000000000000000000 ) ) ;
#314 =( NAMED_UNIT ( * ) PLANE_ANGLE_UNIT ( ) SI_UNIT ( $, .RADIAN. ) );
#315 = CARTESIAN_POINT ( 'NONE',  ( 32.74999999999999289, 6.500000000000003553, 2.999999999999999556 ) ) ;
#316 = CARTESIAN_POINT ( 'NONE',  ( -28.00000000000001066, 12.65500000000000114, 3.000000000000000000 ) ) ;
#317 = EDGE_LOOP ( 'NONE', ( #863, #1618, #154, #146 ) ) ;
#318 = ORIENTED_EDGE ( 'NONE', *, *, #462, .F. ) ;
#319 = CARTESIAN_POINT ( 'NONE',  ( 29.59999999999999787, 6.500000000000003553, -0.9000000000000000222 ) ) ;
#320 = VECTOR ( 'NONE', #1718, 1000.000000000000000 ) ;
#321 = CARTESIAN_POINT ( 'NONE',  ( 29.39999999999998792, 7.699999999999999289, 3.000000000000001776 ) ) ;
#322 = ADVANCED_FACE ( 'NONE', ( #889 ), #1459, .F. ) ;
#323 = DIRECTION ( 'NONE',  ( -0.000000000000000000, -1.000000000000000000, 0.000000000000000000 ) ) ;
#324 = VERTEX_POINT ( 'NONE', #351 ) ;
#325 = ORIENTED_EDGE ( 'NONE', *, *, #1061, .T. ) ;
#326 = EDGE_CURVE ( 'NONE', #1311, #993, #1608, .T. ) ;
#327 = CARTESIAN_POINT ( 'NONE',  ( -10.00000000000000533, 9.200000000000004619, -5.469999999999999751 ) ) ;
#328 = ORIENTED_EDGE ( 'NONE', *, *, #403, .T. ) ;
#329 = VECTOR ( 'NONE', #1450, 1000.000000000000000 ) ;
#330 = CARTESIAN_POINT ( 'NONE',  ( 0.000000000000000000, 0.000000000000000000, 2.979999999999999982 ) ) ;
#331 = DIRECTION ( 'NONE',  ( 0.000000000000000000, 0.000000000000000000, -1.000000000000000000 ) ) ;
#332 = LINE ( 'NONE', #63, #1346 ) ;
#333 = ORIENTED_EDGE ( 'NONE', *, *, #117, .T. ) ;
#334 = AXIS2_PLACEMENT_3D ( 'NONE', #1178, #1736, #474 ) ;
#335 = AXIS2_PLACEMENT_3D ( 'NONE', #1389, #1417, #1804 ) ;
#336 = ORIENTED_EDGE ( 'NONE', *, *, #1537, .F. ) ;
#337 = EDGE_CURVE ( 'NONE', #1365, #848, #1580, .T. ) ;
#338 = CARTESIAN_POINT ( 'NONE',  ( 29.39999999999998792, -14.69999999999999929, 1.600000000000000089 ) ) ;
#339 = ADVANCED_FACE ( 'NONE', ( #752 ), #1023, .F. ) ;
#340 = LINE ( 'NONE', #1505, #185 ) ;
#341 = CARTESIAN_POINT ( 'NONE',  ( 32.59999999999999432, 12.20000000000000284, 1.600000000000000089 ) ) ;
#342 = EDGE_CURVE ( 'NONE', #979, #496, #608, .T. ) ;
#343 = DIRECTION ( 'NONE',  ( -8.673617379884035472E-17, -1.000000000000000000, 0.000000000000000000 ) ) ;
#344 = ORIENTED_EDGE ( 'NONE', *, *, #1660, .F. ) ;
#345 = EDGE_LOOP ( 'NONE', ( #1181, #1680, #727, #23 ) ) ;
#346 = ADVANCED_FACE ( 'NONE', ( #1177 ), #483, .F. ) ;
#347 = LINE ( 'NONE', #913, #1494 ) ;
#348 = ORIENTED_EDGE ( 'NONE', *, *, #1211, .F. ) ;
#349 = EDGE_CURVE ( 'NONE', #1335, #415, #197, .T. ) ;
#350 = LINE ( 'NONE', #492, #1192 ) ;
#351 = CARTESIAN_POINT ( 'NONE',  ( 24.89999999999998792, -7.749999999999996447, 2.990000000000000213 ) ) ;
#352 = VECTOR ( 'NONE', #1616, 1000.000000000000000 ) ;
#353 = DIRECTION ( 'NONE',  ( -1.000000000000000000, 0.000000000000000000, -0.000000000000000000 ) ) ;
#354 = ORIENTED_EDGE ( 'NONE', *, *, #741, .T. ) ;
#355 = ORIENTED_EDGE ( 'NONE', *, *, #1698, .T. ) ;
#356 = ADVANCED_FACE ( 'NONE', ( #37 ), #472, .F. ) ;
#357 = CARTESIAN_POINT ( 'NONE',  ( 24.89999999999998792, -12.65500000000000114, 2.990000000000000213 ) ) ;
#358 = VERTEX_POINT ( 'NONE', #1336 ) ;
#359 = CARTESIAN_POINT ( 'NONE',  ( 32.75000000000000000, -7.699999999999998401, 3.000000000000000000 ) ) ;
#360 = ADVANCED_FACE ( 'NONE', ( #1038 ), #762, .F. ) ;
#361 = FACE_OUTER_BOUND ( 'NONE', #1776, .T. ) ;
#362 = VECTOR ( 'NONE', #544, 1000.000000000000000 ) ;
#363 = DIRECTION ( 'NONE',  ( 0.000000000000000000, 0.000000000000000000, -1.000000000000000000 ) ) ;
#364 = CARTESIAN_POINT ( 'NONE',  ( -28.00000000000000355, -12.65500000000000114, 2.990000000000000213 ) ) ;
#365 = ORIENTED_EDGE ( 'NONE', *, *, #280, .T. ) ;
#366 = VECTOR ( 'NONE', #725, 1000.000000000000000 ) ;
#367 = FACE_OUTER_BOUND ( 'NONE', #440, .T. ) ;
#368 = CARTESIAN_POINT ( 'NONE',  ( 32.75000000000000000, -5.999999999999997335, 2.600000000000000089 ) ) ;
#369 = ORIENTED_EDGE ( 'NONE', *, *, #280, .F. ) ;
#370 = DIRECTION ( 'NONE',  ( 0.000000000000000000, -1.000000000000000000, 0.000000000000000000 ) ) ;
#371 = CARTESIAN_POINT ( 'NONE',  ( 32.75000000000000000, 6.500000000000003553, -1.300000000000000044 ) ) ;
#372 = DIRECTION ( 'NONE',  ( -1.365923996832131609E-16, -1.000000000000000000, 0.000000000000000000 ) ) ;
#373 = CARTESIAN_POINT ( 'NONE',  ( 0.000000000000000000, 0.000000000000000000, -2.000000000000000000 ) ) ;
#374 = ORIENTED_EDGE ( 'NONE', *, *, #1476, .F. ) ;
#375 = DIRECTION ( 'NONE',  ( -0.000000000000000000, -0.000000000000000000, 1.000000000000000000 ) ) ;
#376 = FACE_OUTER_BOUND ( 'NONE', #1025, .T. ) ;
#377 = ORIENTED_EDGE ( 'NONE', *, *, #1124, .F. ) ;
#378 = FILL_AREA_STYLE_COLOUR ( '', #809 ) ;
#379 = DIRECTION ( 'NONE',  ( -1.000000000000000000, 1.482669637587015260E-16, 0.000000000000000000 ) ) ;
#380 = CYLINDRICAL_SURFACE ( 'NONE', #1754, 2.999999999999999112 ) ;
#381 = ADVANCED_FACE ( 'NONE', ( #1199 ), #1756, .F. ) ;
#382 = CARTESIAN_POINT ( 'NONE',  ( -28.00000000000000711, 12.65500000000000114, 2.990000000000000213 ) ) ;
#383 = VECTOR ( 'NONE', #1561, 1000.000000000000000 ) ;
#384 = ORIENTED_EDGE ( 'NONE', *, *, #1540, .F. ) ;
#385 = VECTOR ( 'NONE', #1108, 1000.000000000000000 ) ;
#386 = DIRECTION ( 'NONE',  ( 0.000000000000000000, 1.000000000000000000, 0.000000000000000000 ) ) ;
#387 = CARTESIAN_POINT ( 'NONE',  ( 32.75000000000000000, 7.699999999999999289, 3.000000000000001776 ) ) ;
#388 = VERTEX_POINT ( 'NONE', #223 ) ;
#389 = PLANE ( 'NONE',  #157 ) ;
#390 = SURFACE_SIDE_STYLE ('',( #1066 ) ) ;
#391 = CARTESIAN_POINT ( 'NONE',  ( 32.59999999999999432, 12.19999999999999574, 1.600000000000000089 ) ) ;
#392 = DIRECTION ( 'NONE',  ( -1.000000000000000000, 0.000000000000000000, 0.000000000000000000 ) ) ;
#393 = VECTOR ( 'NONE', #1316, 1000.000000000000000 ) ;
#394 = ORIENTED_EDGE ( 'NONE', *, *, #17, .T. ) ;
#395 = VECTOR ( 'NONE', #787, 1000.000000000000000 ) ;
#396 = CARTESIAN_POINT ( 'NONE',  ( 32.75000000000000000, -5.999999999999997335, -1.300000000000000044 ) ) ;
#397 = VERTEX_POINT ( 'NONE', #1379 ) ;
#398 = AXIS2_PLACEMENT_3D ( 'NONE', #152, #1555, #1581 ) ;
#399 = SURFACE_SIDE_STYLE ('',( #974 ) ) ;
#400 = MECHANICAL_DESIGN_GEOMETRIC_PRESENTATION_REPRESENTATION (  '', ( #963 ), #1665 ) ;
#401 = PLANE ( 'NONE',  #1333 ) ;
#402 = CARTESIAN_POINT ( 'NONE',  ( -29.60000000000001208, -15.19999999999999751, 1.600000000000000089 ) ) ;
#403 = EDGE_CURVE ( 'NONE', #676, #683, #94, .T. ) ;
#404 = DIRECTION ( 'NONE',  ( 1.000000000000000000, 0.000000000000000000, -0.000000000000000000 ) ) ;
#405 = EDGE_LOOP ( 'NONE', ( #930, #1742, #1096, #262 ) ) ;
#406 = FACE_OUTER_BOUND ( 'NONE', #1496, .T. ) ;
#407 = EDGE_LOOP ( 'NONE', ( #476, #585, #1017, #328 ) ) ;
#408 = EDGE_CURVE ( 'NONE', #324, #1722, #916, .T. ) ;
#409 = CARTESIAN_POINT ( 'NONE',  ( 32.59999999999999432, 12.19999999999999574, 0.000000000000000000 ) ) ;
#410 = DIRECTION ( 'NONE',  ( -5.551115123125781716E-16, 1.000000000000000000, 0.000000000000000000 ) ) ;
#411 = LINE ( 'NONE', #976, #1049 ) ;
#412 = CARTESIAN_POINT ( 'NONE',  ( 29.59999999999999076, -5.999999999999997335, -1.300000000000000044 ) ) ;
#413 = ORIENTED_EDGE ( 'NONE', *, *, #603, .F. ) ;
#414 = VECTOR ( 'NONE', #928, 1000.000000000000000 ) ;
#415 = VERTEX_POINT ( 'NONE', #371 ) ;
#416 = EDGE_CURVE ( 'NONE', #892, #701, #1635, .T. ) ;
#417 = PLANE ( 'NONE',  #1572 ) ;
#418 = EDGE_CURVE ( 'NONE', #235, #922, #788, .T. ) ;
#419 = EDGE_CURVE ( 'NONE', #221, #239, #1098, .T. ) ;
#420 = CARTESIAN_POINT ( 'NONE',  ( 32.75000000000000000, 0.000000000000000000, 0.000000000000000000 ) ) ;
#421 = CARTESIAN_POINT ( 'NONE',  ( -10.00000000000000533, 15.20000000000000107, -5.469999999999999751 ) ) ;
#422 = ORIENTED_EDGE ( 'NONE', *, *, #167, .F. ) ;
#423 = AXIS2_PLACEMENT_3D ( 'NONE', #704, #597, #1578 ) ;
#424 = EDGE_CURVE ( 'NONE', #388, #1809, #1358, .T. ) ;
#425 = VECTOR ( 'NONE', #196, 1000.000000000000000 ) ;
#426 = CARTESIAN_POINT ( 'NONE',  ( 25.39999999999999858, -8.400000000000007461, 0.000000000000000000 ) ) ;
#427 = VERTEX_POINT ( 'NONE', #107 ) ;
#428 = LINE ( 'NONE', #1282, #329 ) ;
#429 = AXIS2_PLACEMENT_3D ( 'NONE', #1362, #246, #641 ) ;
#430 = VECTOR ( 'NONE', #438, 1000.000000000000000 ) ;
#431 = CARTESIAN_POINT ( 'NONE',  ( 29.59999999999999787, 6.500000000000003553, -0.9000000000000000222 ) ) ;
#432 = EDGE_CURVE ( 'NONE', #60, #1365, #656, .T. ) ;
#433 = FACE_OUTER_BOUND ( 'NONE', #1421, .T. ) ;
#434 = ORIENTED_EDGE ( 'NONE', *, *, #1470, .F. ) ;
#435 = EDGE_CURVE ( 'NONE', #896, #427, #1247, .T. ) ;
#436 = ORIENTED_EDGE ( 'NONE', *, *, #477, .T. ) ;
#437 = CARTESIAN_POINT ( 'NONE',  ( 23.74999999999999645, 8.000000000000001776, -2.000000000000000000 ) ) ;
#438 = DIRECTION ( 'NONE',  ( 0.000000000000000000, -2.168404344971008079E-15, -1.000000000000000000 ) ) ;
#439 = DIRECTION ( 'NONE',  ( 3.965082230804130614E-15, 0.000000000000000000, -1.000000000000000000 ) ) ;
#440 = EDGE_LOOP ( 'NONE', ( #1105, #1766, #127, #643 ) ) ;
#441 = VERTEX_POINT ( 'NONE', #1208 ) ;
#442 = CARTESIAN_POINT ( 'NONE',  ( -29.60000000000001208, 12.20000000000000284, 1.600000000000000089 ) ) ;
#443 = VECTOR ( 'NONE', #822, 1000.000000000000000 ) ;
#444 = PLANE ( 'NONE',  #423 ) ;
#445 = AXIS2_PLACEMENT_3D ( 'NONE', #1301, #453, #379 ) ;
#446 = LINE ( 'NONE', #1569, #69 ) ;
#447 = ORIENTED_EDGE ( 'NONE', *, *, #435, .T. ) ;
#448 = ORIENTED_EDGE ( 'NONE', *, *, #1061, .F. ) ;
#449 = FACE_OUTER_BOUND ( 'NONE', #619, .T. ) ;
#450 = AXIS2_PLACEMENT_3D ( 'NONE', #1028, #148, #274 ) ;
#451 = CARTESIAN_POINT ( 'NONE',  ( 24.89999999999998792, 12.65500000000000824, 2.990000000000000213 ) ) ;
#452 = SURFACE_STYLE_USAGE ( .BOTH. , #1701 ) ;
#453 = DIRECTION ( 'NONE',  ( 1.482669637587015260E-16, 1.000000000000000000, 0.000000000000000000 ) ) ;
#454 = AXIS2_PLACEMENT_3D ( 'NONE', #1695, #992, #219 ) ;
#455 =( LENGTH_UNIT ( ) NAMED_UNIT ( * ) SI_UNIT ( .MILLI., .METRE. ) );
#456 = ORIENTED_EDGE ( 'NONE', *, *, #536, .T. ) ;
#457 = ORIENTED_EDGE ( 'NONE', *, *, #326, .F. ) ;
#458 = CARTESIAN_POINT ( 'NONE',  ( 29.39999999999998792, 7.699999999999999289, 3.000000000000001776 ) ) ;
#459 = DIRECTION ( 'NONE',  ( -0.000000000000000000, -0.000000000000000000, 1.000000000000000000 ) ) ;
#460 = ADVANCED_FACE ( 'NONE', ( #361 ), #1077, .T. ) ;
#461 = MANIFOLD_SOLID_BREP ( 'pcb', #1735 ) ;
#462 = EDGE_CURVE ( 'NONE', #745, #1051, #1388, .T. ) ;
#463 = CARTESIAN_POINT ( 'NONE',  ( 32.75000000000000000, 6.500000000000003553, -0.9000000000000000222 ) ) ;
#464 =( NAMED_UNIT ( * ) PLANE_ANGLE_UNIT ( ) SI_UNIT ( $, .RADIAN. ) );
#465 = ORIENTED_EDGE ( 'NONE', *, *, #497, .F. ) ;
#466 = EDGE_LOOP ( 'NONE', ( #891, #1558, #1361, #1405 ) ) ;
#467 = CARTESIAN_POINT ( 'NONE',  ( 22.14999999999998082, 7.750000000000003553, 3.000000000000000000 ) ) ;
#468 = ORIENTED_EDGE ( 'NONE', *, *, #1676, .T. ) ;
#469 = VECTOR ( 'NONE', #392, 1000.000000000000000 ) ;
#470 = LINE ( 'NONE', #1614, #395 ) ;
#471 = MECHANICAL_DESIGN_GEOMETRIC_PRESENTATION_REPRESENTATION (  '', ( #1278 ), #1183 ) ;
#472 = PLANE ( 'NONE',  #1249 ) ;
#473 = EDGE_CURVE ( 'NONE', #1006, #1703, #1644, .T. ) ;
#474 = DIRECTION ( 'NONE',  ( -1.000000000000000000, -1.429226344780067770E-16, 0.000000000000000000 ) ) ;
#475 = ORIENTED_EDGE ( 'NONE', *, *, #746, .F. ) ;
#476 = ORIENTED_EDGE ( 'NONE', *, *, #1512, .T. ) ;
#477 = EDGE_CURVE ( 'NONE', #496, #1365, #212, .T. ) ;
#478 = LINE ( 'NONE', #1477, #300 ) ;
#479 = VERTEX_POINT ( 'NONE', #71 ) ;
#480 = VECTOR ( 'NONE', #766, 1000.000000000000000 ) ;
#481 = CARTESIAN_POINT ( 'NONE',  ( 9.999999999999994671, 15.19999999999999929, 0.000000000000000000 ) ) ;
#482 = PRESENTATION_LAYER_ASSIGNMENT (  '', '', ( #245 ) ) ;
#483 = PLANE ( 'NONE',  #57 ) ;
#484 = DIRECTION ( 'NONE',  ( 1.000000000000000000, -8.673617379884035472E-17, 0.000000000000000000 ) ) ;
#485 = VERTEX_POINT ( 'NONE', #241 ) ;
#486 = VECTOR ( 'NONE', #375, 1000.000000000000000 ) ;
#487 = ADVANCED_FACE ( 'NONE', ( #836 ), #401, .F. ) ;
#488 =( GEOMETRIC_REPRESENTATION_CONTEXT ( 3 ) GLOBAL_UNCERTAINTY_ASSIGNED_CONTEXT ( ( #684 ) ) GLOBAL_UNIT_ASSIGNED_CONTEXT ( ( #879, #314, #1011 ) ) REPRESENTATION_CONTEXT ( 'NONE', 'WORKASPACE' ) );
#489 = ORIENTED_EDGE ( 'NONE', *, *, #1071, .F. ) ;
#490 = EDGE_CURVE ( 'NONE', #765, #311, #129, .T. ) ;
#491 = CARTESIAN_POINT ( 'NONE',  ( 29.39999999999999147, -5.999999999999997335, 3.000000000000000000 ) ) ;
#492 = CARTESIAN_POINT ( 'NONE',  ( -32.60000000000000853, -15.19999999999999751, 1.600000000000000089 ) ) ;
#493 = DIRECTION ( 'NONE',  ( -1.000000000000000000, 0.000000000000000000, 0.000000000000000000 ) ) ;
#494 = LINE ( 'NONE', #910, #1317 ) ;
#495 = ORIENTED_EDGE ( 'NONE', *, *, #682, .F. ) ;
#496 = VERTEX_POINT ( 'NONE', #1266 ) ;
#497 = EDGE_CURVE ( 'NONE', #496, #601, #1449, .T. ) ;
#498 = DIRECTION ( 'NONE',  ( -0.000000000000000000, -1.000000000000000000, -0.000000000000000000 ) ) ;
#499 = ORIENTED_EDGE ( 'NONE', *, *, #818, .F. ) ;
#500 = LINE ( 'NONE', #61, #1137 ) ;
#501 = EDGE_CURVE ( 'NONE', #358, #273, #299, .T. ) ;
#502 =( NAMED_UNIT ( * ) SI_UNIT ( $, .STERADIAN. ) SOLID_ANGLE_UNIT ( ) );
#503 = COLOUR_RGB ( '',0.7921568627450980005, 0.8196078431372548767, 0.9333333333333333481 ) ;
#504 = DIRECTION ( 'NONE',  ( -6.938893903907227392E-16, -1.000000000000000000, 0.000000000000000000 ) ) ;
#505 = PLANE ( 'NONE',  #1064 ) ;
#506 = ORIENTED_EDGE ( 'NONE', *, *, #1601, .F. ) ;
#507 = CARTESIAN_POINT ( 'NONE',  ( 29.39999999999998792, 14.69999999999999929, 1.600000000000000089 ) ) ;
#508 = CARTESIAN_POINT ( 'NONE',  ( 24.89999999999998792, -12.65500000000000114, 2.990000000000000213 ) ) ;
#509 = ORIENTED_EDGE ( 'NONE', *, *, #305, .F. ) ;
#510 = CARTESIAN_POINT ( 'NONE',  ( 21.34999999999998366, 11.85500000000000753, 2.990000000000000213 ) ) ;
#511 = VECTOR ( 'NONE', #459, 1000.000000000000000 ) ;
#512 = PLANE ( 'NONE',  #40 ) ;
#513 = CARTESIAN_POINT ( 'NONE',  ( -27.20000000000001350, -11.85500000000000043, 2.990000000000000213 ) ) ;
#514 = ORIENTED_EDGE ( 'NONE', *, *, #1241, .F. ) ;
#515 = VECTOR ( 'NONE', #267, 1000.000000000000000 ) ;
#516 = DIRECTION ( 'NONE',  ( -0.000000000000000000, -0.000000000000000000, 1.000000000000000000 ) ) ;
#517 = PLANE ( 'NONE',  #1164 ) ;
#518 = ORIENTED_EDGE ( 'NONE', *, *, #9, .F. ) ;
#519 = EDGE_CURVE ( 'NONE', #1753, #676, #1801, .T. ) ;
#520 = DIRECTION ( 'NONE',  ( -4.476705744456276341E-16, -1.000000000000000000, 0.000000000000000000 ) ) ;
#521 = CARTESIAN_POINT ( 'NONE',  ( 32.75000000000000000, 6.500000000000003553, 0.8499999999999995337 ) ) ;
#522 = DIRECTION ( 'NONE',  ( -0.000000000000000000, -0.000000000000000000, 1.000000000000000000 ) ) ;
#523 = ORIENTED_EDGE ( 'NONE', *, *, #1529, .F. ) ;
#524 = DIRECTION ( 'NONE',  ( 0.000000000000000000, 0.000000000000000000, -1.000000000000000000 ) ) ;
#525 = CARTESIAN_POINT ( 'NONE',  ( 0.000000000000000000, 0.000000000000000000, 3.000000000000000000 ) ) ;
#526 = ORIENTED_EDGE ( 'NONE', *, *, #1092, .T. ) ;
#527 = CARTESIAN_POINT ( 'NONE',  ( -27.20000000000001350, -11.85500000000000043, 2.979999999999999982 ) ) ;
#528 = CARTESIAN_POINT ( 'NONE',  ( 25.39999999999999858, -8.400000000000007461, -3.899999999999999911 ) ) ;
#529 = DIRECTION ( 'NONE',  ( -0.000000000000000000, -1.000000000000000000, 0.000000000000000000 ) ) ;
#530 = CARTESIAN_POINT ( 'NONE',  ( 24.89999999999998792, -7.749999999999996447, 3.000000000000000000 ) ) ;
#531 = AXIS2_PLACEMENT_3D ( 'NONE', #1286, #10, #575 ) ;
#532 = ORIENTED_EDGE ( 'NONE', *, *, #968, .F. ) ;
#533 = VECTOR ( 'NONE', #410, 1000.000000000000000 ) ;
#534 = DIRECTION ( 'NONE',  ( -1.000000000000000000, 0.000000000000000000, 0.000000000000000000 ) ) ;
#535 = VERTEX_POINT ( 'NONE', #1539 ) ;
#536 = EDGE_CURVE ( 'NONE', #857, #918, #1440, .T. ) ;
#537 = PLANE ( 'NONE',  #864 ) ;
#538 = DIRECTION ( 'NONE',  ( 1.000000000000000000, 0.000000000000000000, 0.000000000000000000 ) ) ;
#539 = ADVANCED_BREP_SHAPE_REPRESENTATION ( '2.13inch e-Paper HAT bwr v3', ( #461, #1082, #138, #1118, #1392, #751, #1749 ), #627 ) ;
#540 = CARTESIAN_POINT ( 'NONE',  ( 24.89999999999998792, -12.65500000000000114, 2.990000000000000213 ) ) ;
#541 = ORIENTED_EDGE ( 'NONE', *, *, #408, .T. ) ;
#542 = VECTOR ( 'NONE', #1378, 1000.000000000000000 ) ;
#543 = ADVANCED_FACE ( 'NONE', ( #548 ), #967, .F. ) ;
#544 = DIRECTION ( 'NONE',  ( -0.000000000000000000, -0.000000000000000000, -1.000000000000000000 ) ) ;
#545 = EDGE_LOOP ( 'NONE', ( #1083, #1281, #1396, #217 ) ) ;
#546 = VECTOR ( 'NONE', #524, 1000.000000000000000 ) ;
#547 = FACE_OUTER_BOUND ( 'NONE', #817, .T. ) ;
#548 = FACE_OUTER_BOUND ( 'NONE', #1819, .T. ) ;
#549 = LINE ( 'NONE', #1683, #631 ) ;
#550 = EDGE_LOOP ( 'NONE', ( #812, #448, #580, #1293 ) ) ;
#551 = ADVANCED_FACE ( 'NONE', ( #449 ), #1407, .F. ) ;
#552 = PRODUCT_DEFINITION_CONTEXT ( 'detailed design', #43, 'design' ) ;
#553 = ORIENTED_EDGE ( 'NONE', *, *, #435, .F. ) ;
#554 = EDGE_CURVE ( 'NONE', #427, #1564, #1298, .T. ) ;
#555 = FACE_OUTER_BOUND ( 'NONE', #1014, .T. ) ;
#556 = CARTESIAN_POINT ( 'NONE',  ( -27.20000000000001350, 11.85500000000000043, 2.979999999999999982 ) ) ;
#557 = LINE ( 'NONE', #1126, #989 ) ;
#558 = DIRECTION ( 'NONE',  ( 0.000000000000000000, -1.000000000000000000, 0.000000000000000000 ) ) ;
#559 = CARTESIAN_POINT ( 'NONE',  ( 24.89999999999998792, 7.750000000000003553, 2.990000000000000213 ) ) ;
#560 = VERTEX_POINT ( 'NONE', #1706 ) ;
#561 = AXIS2_PLACEMENT_3D ( 'NONE', #373, #790, #404 ) ;
#562 = AXIS2_PLACEMENT_3D ( 'NONE', #186, #1161, #1452 ) ;
#563 = ORIENTED_EDGE ( 'NONE', *, *, #1340, .T. ) ;
#564 = DIRECTION ( 'NONE',  ( -1.000000000000000000, -1.311700170870931838E-16, 0.000000000000000000 ) ) ;
#565 = SURFACE_STYLE_FILL_AREA ( #1295 ) ;
#566 = CARTESIAN_POINT ( 'NONE',  ( 24.89999999999998792, 7.750000000000003553, 3.000000000000000000 ) ) ;
#567 = ORIENTED_EDGE ( 'NONE', *, *, #1211, .T. ) ;
#568 =( GEOMETRIC_REPRESENTATION_CONTEXT ( 3 ) GLOBAL_UNCERTAINTY_ASSIGNED_CONTEXT ( ( #833 ) ) GLOBAL_UNIT_ASSIGNED_CONTEXT ( ( #258, #1107, #687 ) ) REPRESENTATION_CONTEXT ( 'NONE', 'WORKASPACE' ) );
#569 = VECTOR ( 'NONE', #1284, 1000.000000000000000 ) ;
#570 = DIRECTION ( 'NONE',  ( -0.000000000000000000, -1.000000000000000000, -0.000000000000000000 ) ) ;
#571 = ORIENTED_EDGE ( 'NONE', *, *, #741, .F. ) ;
#572 = CARTESIAN_POINT ( 'NONE',  ( 23.74999999999999645, 8.000000000000001776, 0.000000000000000000 ) ) ;
#573 = CIRCLE ( 'NONE', #1262, 1.749999999999999778 ) ;
#574 = CARTESIAN_POINT ( 'NONE',  ( -28.00000000000000355, -12.65500000000000114, 2.990000000000000213 ) ) ;
#575 = DIRECTION ( 'NONE',  ( -5.551115123125782702E-16, -1.000000000000000000, 0.000000000000000000 ) ) ;
#576 = CARTESIAN_POINT ( 'NONE',  ( 23.74999999999999645, 8.000000000000001776, 0.000000000000000000 ) ) ;
#577 = ORIENTED_EDGE ( 'NONE', *, *, #1676, .F. ) ;
#578 = EDGE_CURVE ( 'NONE', #1335, #875, #312, .T. ) ;
#579 = APPLICATION_PROTOCOL_DEFINITION ( 'draft international standard', 'automotive_design', 1998, #43 ) ;
#580 = ORIENTED_EDGE ( 'NONE', *, *, #1465, .F. ) ;
#581 = DIRECTION ( 'NONE',  ( -1.000000000000000000, -0.000000000000000000, -0.000000000000000000 ) ) ;
#582 = PLANE ( 'NONE',  #1099 ) ;
#583 = SURFACE_SIDE_STYLE ('',( #715 ) ) ;
#584 = ORIENTED_EDGE ( 'NONE', *, *, #84, .F. ) ;
#585 = ORIENTED_EDGE ( 'NONE', *, *, #305, .T. ) ;
#586 = LINE ( 'NONE', #33, #898 ) ;
#587 = AXIS2_PLACEMENT_3D ( 'NONE', #1402, #949, #1638 ) ;
#588 = DIRECTION ( 'NONE',  ( 0.000000000000000000, -0.000000000000000000, -1.000000000000000000 ) ) ;
#589 = EDGE_CURVE ( 'NONE', #1583, #896, #1567, .T. ) ;
#590 = DIRECTION ( 'NONE',  ( -1.000000000000000000, 0.000000000000000000, 0.000000000000000000 ) ) ;
#591 = FILL_AREA_STYLE ('',( #1719 ) ) ;
#592 = ORIENTED_EDGE ( 'NONE', *, *, #290, .T. ) ;
#593 = ORIENTED_EDGE ( 'NONE', *, *, #1337, .F. ) ;
#594 = EDGE_CURVE ( 'NONE', #1809, #912, #586, .T. ) ;
#595 = CARTESIAN_POINT ( 'NONE',  ( -29.60000000000001208, -15.19999999999999751, 0.000000000000000000 ) ) ;
#596 = VECTOR ( 'NONE', #140, 1000.000000000000000 ) ;
#597 = DIRECTION ( 'NONE',  ( 0.000000000000000000, 0.000000000000000000, 1.000000000000000000 ) ) ;
#598 =( LENGTH_UNIT ( ) NAMED_UNIT ( * ) SI_UNIT ( .MILLI., .METRE. ) );
#599 = CARTESIAN_POINT ( 'NONE',  ( -30.00000000000001421, -14.69999999999999929, 3.000000000000000000 ) ) ;
#600 = VECTOR ( 'NONE', #516, 1000.000000000000000 ) ;
#601 = VERTEX_POINT ( 'NONE', #737 ) ;
#602 = VERTEX_POINT ( 'NONE', #595 ) ;
#603 = EDGE_CURVE ( 'NONE', #188, #282, #1166, .T. ) ;
#604 = CARTESIAN_POINT ( 'NONE',  ( -30.00000000000001421, -14.69999999999999929, 1.600000000000000089 ) ) ;
#605 = VERTEX_POINT ( 'NONE', #259 ) ;
#606 = ADVANCED_FACE ( 'NONE', ( #827 ), #1257, .T. ) ;
#607 = LINE ( 'NONE', #359, #984 ) ;
#608 = LINE ( 'NONE', #1328, #1034 ) ;
#609 = PLANE ( 'NONE',  #334 ) ;
#610 = EDGE_LOOP ( 'NONE', ( #369, #1185, #308, #1582 ) ) ;
#611 = ORIENTED_EDGE ( 'NONE', *, *, #1585, .F. ) ;
#612 = DIRECTION ( 'NONE',  ( -1.000000000000000000, 0.000000000000000000, 0.000000000000000000 ) ) ;
#613 = EDGE_LOOP ( 'NONE', ( #199, #1330, #1729, #325 ) ) ;
#614 = CIRCLE ( 'NONE', #1560, 2.999999999999999112 ) ;
#615 = DIRECTION ( 'NONE',  ( 2.238352872228138170E-16, 1.000000000000000000, -0.000000000000000000 ) ) ;
#616 = DIRECTION ( 'NONE',  ( -0.000000000000000000, -0.000000000000000000, 1.000000000000000000 ) ) ;
#617 = EDGE_CURVE ( 'NONE', #773, #1536, #1548, .T. ) ;
#618 = CARTESIAN_POINT ( 'NONE',  ( -27.20000000000001350, 11.85500000000000043, 2.979999999999999982 ) ) ;
#619 = EDGE_LOOP ( 'NONE', ( #92, #832, #1243, #1429 ) ) ;
#620 = ADVANCED_FACE ( 'NONE', ( #700 ), #133, .T. ) ;
#621 = ORIENTED_EDGE ( 'NONE', *, *, #424, .F. ) ;
#622 = CARTESIAN_POINT ( 'NONE',  ( 24.89999999999998792, 12.65500000000000824, 3.000000000000000000 ) ) ;
#623 = VERTEX_POINT ( 'NONE', #566 ) ;
#624 = VECTOR ( 'NONE', #101, 1000.000000000000000 ) ;
#625 = DIRECTION ( 'NONE',  ( 0.000000000000000000, -1.000000000000000000, 0.000000000000000000 ) ) ;
#626 = DIRECTION ( 'NONE',  ( 0.000000000000000000, 0.000000000000000000, -1.000000000000000000 ) ) ;
#627 =( GEOMETRIC_REPRESENTATION_CONTEXT ( 3 ) GLOBAL_UNCERTAINTY_ASSIGNED_CONTEXT ( ( #1430 ) ) GLOBAL_UNIT_ASSIGNED_CONTEXT ( ( #1551, #1543, #174 ) ) REPRESENTATION_CONTEXT ( 'NONE', 'WORKASPACE' ) );
#628 = DIRECTION ( 'NONE',  ( -0.000000000000000000, -1.000000000000000000, 0.000000000000000000 ) ) ;
#629 = ORIENTED_EDGE ( 'NONE', *, *, #1124, .T. ) ;
#630 = AXIS2_PLACEMENT_3D ( 'NONE', #1002, #1153, #1563 ) ;
#631 = VECTOR ( 'NONE', #538, 1000.000000000000000 ) ;
#632 = ORIENTED_EDGE ( 'NONE', *, *, #1, .F. ) ;
#633 = EDGE_CURVE ( 'NONE', #1648, #257, #942, .T. ) ;
#634 = CARTESIAN_POINT ( 'NONE',  ( -30.00000000000001421, 14.69999999999999929, 3.000000000000000000 ) ) ;
#635 = ORIENTED_EDGE ( 'NONE', *, *, #21, .T. ) ;
#636 = CARTESIAN_POINT ( 'NONE',  ( -32.60000000000000853, -15.19999999999999751, 0.000000000000000000 ) ) ;
#637 = CARTESIAN_POINT ( 'NONE',  ( -27.20000000000001350, 11.85500000000000043, 2.979999999999999982 ) ) ;
#638 = CARTESIAN_POINT ( 'NONE',  ( 25.39999999999999503, -13.40000000000000924, 0.000000000000000000 ) ) ;
#639 = CARTESIAN_POINT ( 'NONE',  ( 24.89999999999998792, 7.750000000000003553, 3.000000000000000000 ) ) ;
#640 = ORIENTED_EDGE ( 'NONE', *, *, #940, .T. ) ;
#641 = DIRECTION ( 'NONE',  ( 0.000000000000000000, 0.000000000000000000, -1.000000000000000000 ) ) ;
#642 = CARTESIAN_POINT ( 'NONE',  ( -30.00000000000001421, 14.69999999999999929, 1.600000000000000089 ) ) ;
#643 = ORIENTED_EDGE ( 'NONE', *, *, #50, .T. ) ;
#644 = FACE_OUTER_BOUND ( 'NONE', #736, .T. ) ;
#645 = CARTESIAN_POINT ( 'NONE',  ( -30.00000000000001421, -14.69999999999999929, 3.000000000000000000 ) ) ;
#646 = VECTOR ( 'NONE', #706, 1000.000000000000000 ) ;
#647 = AXIS2_PLACEMENT_3D ( 'NONE', #285, #304, #439 ) ;
#648 = CARTESIAN_POINT ( 'NONE',  ( 0.000000000000000000, 0.000000000000000000, -5.469999999999999751 ) ) ;
#649 = FACE_OUTER_BOUND ( 'NONE', #1824, .T. ) ;
#650 = ORIENTED_EDGE ( 'NONE', *, *, #954, .T. ) ;
#651 = EDGE_CURVE ( 'NONE', #1670, #1648, #3, .T. ) ;
#652 = DIRECTION ( 'NONE',  ( -1.294569758191642225E-16, 0.000000000000000000, -1.000000000000000000 ) ) ;
#653 = LINE ( 'NONE', #368, #748 ) ;
#654 = ORIENTED_EDGE ( 'NONE', *, *, #1340, .F. ) ;
#655 = CARTESIAN_POINT ( 'NONE',  ( 29.59999999999999432, 15.20000000000000107, 1.600000000000000089 ) ) ;
#656 = LINE ( 'NONE', #946, #1485 ) ;
#657 = VECTOR ( 'NONE', #749, 1000.000000000000000 ) ;
#658 = EDGE_CURVE ( 'NONE', #1051, #1759, #1502, .T. ) ;
#659 = VECTOR ( 'NONE', #1117, 1000.000000000000000 ) ;
#660 = DIRECTION ( 'NONE',  ( 1.000000000000000000, 0.000000000000000000, -0.000000000000000000 ) ) ;
#661 = DIRECTION ( 'NONE',  ( 0.000000000000000000, 1.000000000000000000, 0.000000000000000000 ) ) ;
#662 = ORIENTED_EDGE ( 'NONE', *, *, #117, .F. ) ;
#663 = AXIS2_PLACEMENT_3D ( 'NONE', #442, #1675, #688 ) ;
#664 = AXIS2_PLACEMENT_3D ( 'NONE', #1134, #178, #26 ) ;
#665 = LINE ( 'NONE', #707, #987 ) ;
#666 = DIRECTION ( 'NONE',  ( -1.000000000000000000, -1.429226344780067770E-16, 0.000000000000000000 ) ) ;
#667 = ORIENTED_EDGE ( 'NONE', *, *, #1615, .F. ) ;
#668 = DIRECTION ( 'NONE',  ( -1.000000000000000000, 2.602085213965210642E-16, 0.000000000000000000 ) ) ;
#669 = DIRECTION ( 'NONE',  ( -0.000000000000000000, -0.000000000000000000, 1.000000000000000000 ) ) ;
#670 = ADVANCED_FACE ( 'NONE', ( #367 ), #1518, .T. ) ;
#671 = CARTESIAN_POINT ( 'NONE',  ( 29.59999999999999787, 8.000000000000001776, -2.000000000000000000 ) ) ;
#672 = LINE ( 'NONE', #1805, #830 ) ;
#673 = ORIENTED_EDGE ( 'NONE', *, *, #1413, .F. ) ;
#674 = EDGE_CURVE ( 'NONE', #188, #560, #1094, .T. ) ;
#675 = LINE ( 'NONE', #1104, #362 ) ;
#676 = VERTEX_POINT ( 'NONE', #1138 ) ;
#677 = DIRECTION ( 'NONE',  ( 1.000000000000000000, 5.551115123125782702E-16, -1.294569758191642225E-16 ) ) ;
#678 = DIRECTION ( 'NONE',  ( -0.000000000000000000, -0.000000000000000000, 1.000000000000000000 ) ) ;
#679 = EDGE_CURVE ( 'NONE', #1051, #978, #573, .T. ) ;
#680 = CARTESIAN_POINT ( 'NONE',  ( 32.75000000000000000, -7.699999999999998401, 3.000000000000000000 ) ) ;
#681 =( GEOMETRIC_REPRESENTATION_CONTEXT ( 3 ) GLOBAL_UNCERTAINTY_ASSIGNED_CONTEXT ( ( #1016 ) ) GLOBAL_UNIT_ASSIGNED_CONTEXT ( ( #1433, #1012, #1547 ) ) REPRESENTATION_CONTEXT ( 'NONE', 'WORKASPACE' ) );
#682 = EDGE_CURVE ( 'NONE', #1131, #311, #89, .T. ) ;
#683 = VERTEX_POINT ( 'NONE', #815 ) ;
#684 = UNCERTAINTY_MEASURE_WITH_UNIT (LENGTH_MEASURE( 1.000000000000000082E-05 ), #879, 'distance_accuracy_value', 'NONE');
#685 = DIRECTION ( 'NONE',  ( 0.000000000000000000, -0.000000000000000000, -1.000000000000000000 ) ) ;
#686 = ORIENTED_EDGE ( 'NONE', *, *, #269, .T. ) ;
#687 =( NAMED_UNIT ( * ) SI_UNIT ( $, .STERADIAN. ) SOLID_ANGLE_UNIT ( ) );
#688 = DIRECTION ( 'NONE',  ( -1.000000000000000000, 8.095376221225101878E-15, 0.000000000000000000 ) ) ;
#689 = CARTESIAN_POINT ( 'NONE',  ( 0.000000000000000000, 0.000000000000000000, 0.000000000000000000 ) ) ;
#690 = ADVANCED_FACE ( 'NONE', ( #931 ), #237, .T. ) ;
#691 = CARTESIAN_POINT ( 'NONE',  ( 32.59999999999999432, -15.19999999999999751, 1.600000000000000089 ) ) ;
#692 = AXIS2_PLACEMENT_3D ( 'NONE', #525, #1511, #247 ) ;
#693 = ORIENTED_EDGE ( 'NONE', *, *, #462, .T. ) ;
#694 = CYLINDRICAL_SURFACE ( 'NONE', #125, 2.999999999999999112 ) ;
#695 = ORIENTED_EDGE ( 'NONE', *, *, #147, .T. ) ;
#696 = STYLED_ITEM ( 'NONE', ( #296 ), #751 ) ;
#697 = CARTESIAN_POINT ( 'NONE',  ( -28.00000000000000711, 12.65500000000000114, 3.000000000000000000 ) ) ;
#698 = LINE ( 'NONE', #1267, #1577 ) ;
#699 = CARTESIAN_POINT ( 'NONE',  ( -29.60000000000001208, 12.20000000000000284, 0.000000000000000000 ) ) ;
#700 = FACE_OUTER_BOUND ( 'NONE', #1280, .T. ) ;
#701 = VERTEX_POINT ( 'NONE', #1649 ) ;
#702 = CARTESIAN_POINT ( 'NONE',  ( -32.60000000000000853, -15.19999999999999751, 1.600000000000000089 ) ) ;
#703 = ORIENTED_EDGE ( 'NONE', *, *, #418, .T. ) ;
#704 = CARTESIAN_POINT ( 'NONE',  ( 29.59999999999999076, -5.999999999999997335, -0.9000000000000000222 ) ) ;
#705 = CARTESIAN_POINT ( 'NONE',  ( 32.75000000000000000, -7.699999999999999289, 2.600000000000000089 ) ) ;
#706 = DIRECTION ( 'NONE',  ( 1.370781095200953797E-16, -1.000000000000000000, 0.000000000000000000 ) ) ;
#707 = CARTESIAN_POINT ( 'NONE',  ( 29.39999999999998792, 14.69999999999999929, 3.000000000000000000 ) ) ;
#708 = ORIENTED_EDGE ( 'NONE', *, *, #1241, .T. ) ;
#709 = AXIS2_PLACEMENT_3D ( 'NONE', #1390, #243, #234 ) ;
#710 = VERTEX_POINT ( 'NONE', #507 ) ;
#711 = EDGE_CURVE ( 'NONE', #257, #1146, #1823, .T. ) ;
#712 = CARTESIAN_POINT ( 'NONE',  ( -32.60000000000000853, -15.19999999999999751, 1.600000000000000089 ) ) ;
#713 = LINE ( 'NONE', #1300, #1697 ) ;
#714 = PLANE ( 'NONE',  #531 ) ;
#715 = SURFACE_STYLE_FILL_AREA ( #591 ) ;
#716 = VERTEX_POINT ( 'NONE', #1640 ) ;
#717 = VECTOR ( 'NONE', #1294, 1000.000000000000000 ) ;
#718 = VECTOR ( 'NONE', #1634, 1000.000000000000000 ) ;
#719 = DIRECTION ( 'NONE',  ( 0.000000000000000000, 0.000000000000000000, 1.000000000000000000 ) ) ;
#720 = ORIENTED_EDGE ( 'NONE', *, *, #878, .T. ) ;
#721 = DIRECTION ( 'NONE',  ( -0.000000000000000000, 1.000000000000000000, -0.000000000000000000 ) ) ;
#722 = AXIS2_PLACEMENT_3D ( 'NONE', #1812, #1070, #100 ) ;
#723 = COLOUR_RGB ( '',0.7921568627450980005, 0.8196078431372548767, 0.9333333333333333481 ) ;
#724 = CARTESIAN_POINT ( 'NONE',  ( 24.89999999999998792, -12.65500000000000114, 2.990000000000000213 ) ) ;
#725 = DIRECTION ( 'NONE',  ( -0.000000000000000000, -0.000000000000000000, 1.000000000000000000 ) ) ;
#726 = ORIENTED_EDGE ( 'NONE', *, *, #1283, .F. ) ;
#727 = ORIENTED_EDGE ( 'NONE', *, *, #1783, .F. ) ;
#728 = EDGE_CURVE ( 'NONE', #857, #623, #1419, .T. ) ;
#729 = DIRECTION ( 'NONE',  ( -0.000000000000000000, -1.000000000000000000, -0.000000000000000000 ) ) ;
#730 = PLANE ( 'NONE',  #1546 ) ;
#731 = SURFACE_STYLE_USAGE ( .BOTH. , #1692 ) ;
#732 = DIRECTION ( 'NONE',  ( -0.000000000000000000, 0.000000000000000000, 1.000000000000000000 ) ) ;
#733 = ADVANCED_FACE ( 'NONE', ( #803 ), #1130, .F. ) ;
#734 = DIRECTION ( 'NONE',  ( 0.000000000000000000, 0.000000000000000000, -1.000000000000000000 ) ) ;
#735 = ORIENTED_EDGE ( 'NONE', *, *, #1018, .F. ) ;
#736 = EDGE_LOOP ( 'NONE', ( #468, #635, #847, #1305 ) ) ;
#737 = CARTESIAN_POINT ( 'NONE',  ( 23.74999999999999289, -7.499999999999997335, -2.000000000000000000 ) ) ;
#738 = LINE ( 'NONE', #1829, #1597 ) ;
#739 = LINE ( 'NONE', #850, #430 ) ;
#740 = DIRECTION ( 'NONE',  ( -1.000000000000000000, 0.000000000000000000, -0.000000000000000000 ) ) ;
#741 = EDGE_CURVE ( 'NONE', #1232, #710, #665, .T. ) ;
#742 = CARTESIAN_POINT ( 'NONE',  ( 29.59999999999999432, 12.20000000000000284, 1.600000000000000089 ) ) ;
#743 = ORIENTED_EDGE ( 'NONE', *, *, #74, .T. ) ;
#744 = ADVANCED_FACE ( 'NONE', ( #433 ), #1279, .F. ) ;
#745 = VERTEX_POINT ( 'NONE', #784 ) ;
#746 = EDGE_CURVE ( 'NONE', #324, #124, #171, .T. ) ;
#747 = AXIS2_PLACEMENT_3D ( 'NONE', #319, #1612, #1486 ) ;
#748 = VECTOR ( 'NONE', #932, 1000.000000000000000 ) ;
#749 = DIRECTION ( 'NONE',  ( -1.000000000000000000, -0.000000000000000000, -0.000000000000000000 ) ) ;
#750 = AXIS2_PLACEMENT_3D ( 'NONE', #233, #1499, #660 ) ;
#751 = MANIFOLD_SOLID_BREP ( 'flex connector', #264 ) ;
#752 = FACE_OUTER_BOUND ( 'NONE', #781, .T. ) ;
#753 = AXIS2_PLACEMENT_3D ( 'NONE', #1338, #363, #353 ) ;
#754 = FACE_OUTER_BOUND ( 'NONE', #1605, .T. ) ;
#755 = EDGE_LOOP ( 'NONE', ( #1509, #1574, #192, #1195 ) ) ;
#756 = EDGE_LOOP ( 'NONE', ( #1059, #1806, #1699, #354 ) ) ;
#757 = EDGE_CURVE ( 'NONE', #239, #1261, #1721, .T. ) ;
#758 = DIRECTION ( 'NONE',  ( 1.000000000000000000, 0.000000000000000000, 0.000000000000000000 ) ) ;
#759 = EDGE_LOOP ( 'NONE', ( #1202, #839, #1376, #1787 ) ) ;
#760 = ADVANCED_FACE ( 'NONE', ( #161 ), #38, .F. ) ;
#761 = PLANE ( 'NONE',  #1227 ) ;
#762 = PLANE ( 'NONE',  #886 ) ;
#763 = LINE ( 'NONE', #260, #1141 ) ;
#764 = EDGE_LOOP ( 'NONE', ( #1139, #1478, #577, #703 ) ) ;
#765 = VERTEX_POINT ( 'NONE', #316 ) ;
#766 = DIRECTION ( 'NONE',  ( -1.000000000000000000, -1.311700170870931838E-16, 0.000000000000000000 ) ) ;
#767 = ORIENTED_EDGE ( 'NONE', *, *, #994, .T. ) ;
#768 = CLOSED_SHELL ( 'NONE', ( #346, #1348, #939, #862, #870, #1523 ) ) ;
#769 = DIRECTION ( 'NONE',  ( 1.000000000000000000, 0.000000000000000000, 0.000000000000000000 ) ) ;
#770 = VECTOR ( 'NONE', #1803, 1000.000000000000000 ) ;
#771 = CARTESIAN_POINT ( 'NONE',  ( -32.60000000000000853, -15.19999999999999751, 1.600000000000000089 ) ) ;
#772 = CARTESIAN_POINT ( 'NONE',  ( 29.59999999999999076, -5.999999999999997335, -1.300000000000000044 ) ) ;
#773 = VERTEX_POINT ( 'NONE', #1030 ) ;
#774 = ADVANCED_FACE ( 'NONE', ( #1013 ), #1024, .T. ) ;
#775 = EDGE_LOOP ( 'NONE', ( #662, #1235, #336, #1705 ) ) ;
#776 = CARTESIAN_POINT ( 'NONE',  ( -10.00000000000000533, 15.20000000000000107, -5.469999999999999751 ) ) ;
#777 = VECTOR ( 'NONE', #842, 1000.000000000000000 ) ;
#778 = CARTESIAN_POINT ( 'NONE',  ( -27.20000000000001350, 11.85500000000000043, 2.990000000000000213 ) ) ;
#779 = DIRECTION ( 'NONE',  ( -0.000000000000000000, -0.000000000000000000, 1.000000000000000000 ) ) ;
#780 = PLANE ( 'NONE',  #1781 ) ;
#781 = EDGE_LOOP ( 'NONE', ( #255, #1391, #377, #447 ) ) ;
#782 =( GEOMETRIC_REPRESENTATION_CONTEXT ( 3 ) GLOBAL_UNCERTAINTY_ASSIGNED_CONTEXT ( ( #1825 ) ) GLOBAL_UNIT_ASSIGNED_CONTEXT ( ( #455, #464, #286 ) ) REPRESENTATION_CONTEXT ( 'NONE', 'WORKASPACE' ) );
#783 = ORIENTED_EDGE ( 'NONE', *, *, #403, .F. ) ;
#784 = CARTESIAN_POINT ( 'NONE',  ( 32.75000000000000000, 6.500000000000003553, -0.9000000000000000222 ) ) ;
#785 = LINE ( 'NONE', #1457, #393 ) ;
#786 = ORIENTED_EDGE ( 'NONE', *, *, #1751, .F. ) ;
#787 = DIRECTION ( 'NONE',  ( -0.000000000000000000, -0.000000000000000000, 1.000000000000000000 ) ) ;
#788 = LINE ( 'NONE', #956, #1129 ) ;
#789 = CARTESIAN_POINT ( 'NONE',  ( -10.00000000000000533, 15.20000000000000107, -5.469999999999999751 ) ) ;
#790 = DIRECTION ( 'NONE',  ( 0.000000000000000000, 0.000000000000000000, 1.000000000000000000 ) ) ;
#791 = ADVANCED_FACE ( 'NONE', ( #754 ), #852, .F. ) ;
#792 = ORIENTED_EDGE ( 'NONE', *, *, #1633, .T. ) ;
#793 = DIRECTION ( 'NONE',  ( -0.000000000000000000, -0.000000000000000000, 1.000000000000000000 ) ) ;
#794 = CARTESIAN_POINT ( 'NONE',  ( 24.89999999999998792, 7.750000000000003553, 2.990000000000000213 ) ) ;
#795 = EDGE_LOOP ( 'NONE', ( #1446, #1592, #465, #436 ) ) ;
#796 = DIRECTION ( 'NONE',  ( -1.000000000000000000, 1.365923996832131609E-16, -0.000000000000000000 ) ) ;
#797 = DIRECTION ( 'NONE',  ( 0.000000000000000000, -1.000000000000000000, 0.000000000000000000 ) ) ;
#798 = CLOSED_SHELL ( 'NONE', ( #804, #744, #926, #908, #936, #1039 ) ) ;
#799 = VECTOR ( 'NONE', #1792, 1000.000000000000000 ) ;
#800 = CARTESIAN_POINT ( 'NONE',  ( 9.999999999999994671, 9.199999999999999289, -5.469999999999999751 ) ) ;
#801 = LINE ( 'NONE', #1360, #1588 ) ;
#802 = ORIENTED_EDGE ( 'NONE', *, *, #578, .T. ) ;
#803 = FACE_OUTER_BOUND ( 'NONE', #466, .T. ) ;
#804 = ADVANCED_FACE ( 'NONE', ( #861 ), #890, .F. ) ;
#805 = FACE_OUTER_BOUND ( 'NONE', #162, .T. ) ;
#806 = ORIENTED_EDGE ( 'NONE', *, *, #679, .F. ) ;
#807 = PRESENTATION_STYLE_ASSIGNMENT (( #1125 ) ) ;
#808 = VECTOR ( 'NONE', #1432, 1000.000000000000000 ) ;
#809 = COLOUR_RGB ( '',0.7921568627450980005, 0.8196078431372548767, 0.9333333333333333481 ) ;
#810 = CARTESIAN_POINT ( 'NONE',  ( 32.75000000000000000, 7.699999999999999289, 2.600000000000001421 ) ) ;
#811 = CARTESIAN_POINT ( 'NONE',  ( 32.59999999999999432, -15.19999999999999751, 1.600000000000000089 ) ) ;
#812 = ORIENTED_EDGE ( 'NONE', *, *, #617, .T. ) ;
#813 = AXIS2_PLACEMENT_3D ( 'NONE', #1685, #1768, #1629 ) ;
#814 = VECTOR ( 'NONE', #1645, 1000.000000000000000 ) ;
#815 = CARTESIAN_POINT ( 'NONE',  ( -32.60000000000000853, 12.19999999999999574, 0.000000000000000000 ) ) ;
#816 = LINE ( 'NONE', #1385, #1628 ) ;
#817 = EDGE_LOOP ( 'NONE', ( #1140, #523, #866, #1222 ) ) ;
#818 = EDGE_CURVE ( 'NONE', #397, #1051, #1461, .T. ) ;
#819 = CARTESIAN_POINT ( 'NONE',  ( 24.89999999999998792, -12.65500000000000114, 3.000000000000000000 ) ) ;
#820 = ADVANCED_FACE ( 'NONE', ( #307 ), #1445, .T. ) ;
#821 = FACE_OUTER_BOUND ( 'NONE', #874, .T. ) ;
#822 = DIRECTION ( 'NONE',  ( 0.000000000000000000, 1.000000000000000000, 0.000000000000000000 ) ) ;
#823 = ORIENTED_EDGE ( 'NONE', *, *, #994, .F. ) ;
#824 = CARTESIAN_POINT ( 'NONE',  ( 29.59999999999999076, -5.999999999999997335, -1.300000000000000044 ) ) ;
#825 = ORIENTED_EDGE ( 'NONE', *, *, #490, .F. ) ;
#826 = FACE_OUTER_BOUND ( 'NONE', #1747, .T. ) ;
#827 = FACE_OUTER_BOUND ( 'NONE', #58, .T. ) ;
#828 = PLANE ( 'NONE',  #335 ) ;
#829 = DIRECTION ( 'NONE',  ( 0.000000000000000000, 2.168404344971008079E-15, 1.000000000000000000 ) ) ;
#830 = VECTOR ( 'NONE', #96, 1000.000000000000000 ) ;
#831 = EDGE_CURVE ( 'NONE', #971, #1386, #306, .T. ) ;
#832 = ORIENTED_EDGE ( 'NONE', *, *, #1587, .F. ) ;
#833 = UNCERTAINTY_MEASURE_WITH_UNIT (LENGTH_MEASURE( 1.000000000000000082E-05 ), #258, 'distance_accuracy_value', 'NONE');
#834 = DIRECTION ( 'NONE',  ( -0.000000000000000000, -0.000000000000000000, 1.000000000000000000 ) ) ;
#835 = EDGE_LOOP ( 'NONE', ( #182, #1504, #1686, #802 ) ) ;
#836 = FACE_OUTER_BOUND ( 'NONE', #1103, .T. ) ;
#837 = DIRECTION ( 'NONE',  ( 0.000000000000000000, 0.000000000000000000, -1.000000000000000000 ) ) ;
#838 = VECTOR ( 'NONE', #834, 1000.000000000000000 ) ;
#839 = ORIENTED_EDGE ( 'NONE', *, *, #1159, .F. ) ;
#840 = ORIENTED_EDGE ( 'NONE', *, *, #1273, .T. ) ;
#841 = AXIS2_PLACEMENT_3D ( 'NONE', #1162, #882, #181 ) ;
#842 = DIRECTION ( 'NONE',  ( 2.238352872228138170E-16, 1.000000000000000000, -0.000000000000000000 ) ) ;
#843 = FACE_OUTER_BOUND ( 'NONE', #613, .T. ) ;
#844 = DIRECTION ( 'NONE',  ( 5.551115123125782702E-16, 1.000000000000000000, 0.000000000000000000 ) ) ;
#845 = CARTESIAN_POINT ( 'NONE',  ( 9.999999999999994671, 15.19999999999999929, -5.469999999999999751 ) ) ;
#846 = ADVANCED_FACE ( 'NONE', ( #46 ), #609, .F. ) ;
#847 = ORIENTED_EDGE ( 'NONE', *, *, #326, .T. ) ;
#848 = VERTEX_POINT ( 'NONE', #12 ) ;
#849 = DIRECTION ( 'NONE',  ( 0.000000000000000000, 1.000000000000000000, -0.000000000000000000 ) ) ;
#850 = CARTESIAN_POINT ( 'NONE',  ( 29.39999999999998792, -7.699999999999998401, 3.000000000000000000 ) ) ;
#851 = CARTESIAN_POINT ( 'NONE',  ( 21.34999999999998366, 11.85500000000000753, 2.979999999999999982 ) ) ;
#852 = CYLINDRICAL_SURFACE ( 'NONE', #929, 1.749999999999999778 ) ;
#853 = VERTEX_POINT ( 'NONE', #576 ) ;
#854 = CIRCLE ( 'NONE', #647, 1.749999999999999778 ) ;
#855 = VECTOR ( 'NONE', #1019, 1000.000000000000000 ) ;
#856 = CARTESIAN_POINT ( 'NONE',  ( 9.999999999999994671, 15.19999999999999929, 0.000000000000000000 ) ) ;
#857 = VERTEX_POINT ( 'NONE', #1188 ) ;
#858 = DIRECTION ( 'NONE',  ( 0.000000000000000000, 0.000000000000000000, 1.000000000000000000 ) ) ;
#859 = DIRECTION ( 'NONE',  ( -0.000000000000000000, -0.000000000000000000, 1.000000000000000000 ) ) ;
#860 = DIRECTION ( 'NONE',  ( -1.000000000000000000, 2.602085213965210642E-16, -0.000000000000000000 ) ) ;
#861 = FACE_OUTER_BOUND ( 'NONE', #1190, .T. ) ;
#862 = ADVANCED_FACE ( 'NONE', ( #1201 ), #1609, .F. ) ;
#863 = ORIENTED_EDGE ( 'NONE', *, *, #906, .T. ) ;
#864 = AXIS2_PLACEMENT_3D ( 'NONE', #712, #1422, #1707 ) ;
#865 = AXIS2_PLACEMENT_3D ( 'NONE', #330, #1755, #1175 ) ;
#866 = ORIENTED_EDGE ( 'NONE', *, *, #170, .F. ) ;
#867 = DIRECTION ( 'NONE',  ( -1.000000000000000000, -1.370781095200954043E-16, 0.000000000000000000 ) ) ;
#868 = CARTESIAN_POINT ( 'NONE',  ( -32.60000000000000853, -12.19999999999999929, 1.600000000000000089 ) ) ;
#869 = AXIS2_PLACEMENT_3D ( 'NONE', #1757, #343, #484 ) ;
#870 = ADVANCED_FACE ( 'NONE', ( #55 ), #512, .F. ) ;
#871 = AXIS2_PLACEMENT_3D ( 'NONE', #268, #1101, #1793 ) ;
#872 = PLANE ( 'NONE',  #1525 ) ;
#873 = CARTESIAN_POINT ( 'NONE',  ( 32.75000000000000000, 6.500000000000003553, 2.600000000000000977 ) ) ;
#874 = EDGE_LOOP ( 'NONE', ( #1487, #1713, #1046, #783 ) ) ;
#875 = VERTEX_POINT ( 'NONE', #72 ) ;
#876 = DIRECTION ( 'NONE',  ( 1.370781095200954043E-16, -1.000000000000000000, 0.000000000000000000 ) ) ;
#877 = FACE_OUTER_BOUND ( 'NONE', #1323, .T. ) ;
#878 = EDGE_CURVE ( 'NONE', #1759, #358, #1114, .T. ) ;
#879 =( LENGTH_UNIT ( ) NAMED_UNIT ( * ) SI_UNIT ( .MILLI., .METRE. ) );
#880 = CARTESIAN_POINT ( 'NONE',  ( -32.60000000000000853, 15.20000000000000107, 0.000000000000000000 ) ) ;
#881 = EDGE_CURVE ( 'NONE', #485, #857, #494, .T. ) ;
#882 = DIRECTION ( 'NONE',  ( 0.000000000000000000, 0.000000000000000000, -1.000000000000000000 ) ) ;
#883 = ORIENTED_EDGE ( 'NONE', *, *, #1479, .F. ) ;
#884 = ORIENTED_EDGE ( 'NONE', *, *, #831, .F. ) ;
#885 = VECTOR ( 'NONE', #991, 1000.000000000000000 ) ;
#886 = AXIS2_PLACEMENT_3D ( 'NONE', #1187, #62, #626 ) ;
#887 = DIRECTION ( 'NONE',  ( -0.000000000000000000, -0.000000000000000000, 1.000000000000000000 ) ) ;
#888 = PRESENTATION_STYLE_ASSIGNMENT (( #731 ) ) ;
#889 = FACE_OUTER_BOUND ( 'NONE', #1712, .T. ) ;
#890 = PLANE ( 'NONE',  #1694 ) ;
#891 = ORIENTED_EDGE ( 'NONE', *, *, #1194, .F. ) ;
#892 = VERTEX_POINT ( 'NONE', #618 ) ;
#893 = AXIS2_PLACEMENT_3D ( 'NONE', #1604, #184, #1035 ) ;
#894 = VECTOR ( 'NONE', #52, 1000.000000000000000 ) ;
#895 = DIRECTION ( 'NONE',  ( 0.000000000000000000, 0.000000000000000000, -1.000000000000000000 ) ) ;
#896 = VERTEX_POINT ( 'NONE', #1079 ) ;
#897 = FACE_OUTER_BOUND ( 'NONE', #1403, .T. ) ;
#898 = VECTOR ( 'NONE', #1157, 1000.000000000000000 ) ;
#899 = DIRECTION ( 'NONE',  ( -0.000000000000000000, -0.000000000000000000, 1.000000000000000000 ) ) ;
#900 = PRESENTATION_LAYER_ASSIGNMENT (  '', '', ( #191 ) ) ;
#901 = PLANE ( 'NONE',  #750 ) ;
#902 = VERTEX_POINT ( 'NONE', #800 ) ;
#903 = EDGE_CURVE ( 'NONE', #1552, #479, #332, .T. ) ;
#904 = VERTEX_POINT ( 'NONE', #1058 ) ;
#905 = DIRECTION ( 'NONE',  ( -1.000000000000000000, 0.000000000000000000, 0.000000000000000000 ) ) ;
#906 = EDGE_CURVE ( 'NONE', #388, #266, #1746, .T. ) ;
#907 = LINE ( 'NONE', #636, #957 ) ;
#908 = ADVANCED_FACE ( 'NONE', ( #1369 ), #1773, .F. ) ;
#909 = CARTESIAN_POINT ( 'NONE',  ( 25.39999999999999503, -13.40000000000000924, -3.899999999999999911 ) ) ;
#910 = CARTESIAN_POINT ( 'NONE',  ( 22.14999999999998082, 7.750000000000003553, 2.990000000000000213 ) ) ;
#911 = VERTEX_POINT ( 'NONE', #772 ) ;
#912 = VERTEX_POINT ( 'NONE', #638 ) ;
#913 = CARTESIAN_POINT ( 'NONE',  ( -10.00000000000000533, 9.200000000000004619, 0.000000000000000000 ) ) ;
#914 = ORIENTED_EDGE ( 'NONE', *, *, #29, .F. ) ;
#915 = DIRECTION ( 'NONE',  ( -0.000000000000000000, 1.000000000000000000, -0.000000000000000000 ) ) ;
#916 = LINE ( 'NONE', #1782, #770 ) ;
#917 = DIRECTION ( 'NONE',  ( 1.000000000000000000, 0.000000000000000000, 0.000000000000000000 ) ) ;
#918 = VERTEX_POINT ( 'NONE', #1506 ) ;
#919 = ADVANCED_FACE ( 'NONE', ( #1329 ), #1617, .F. ) ;
#920 = ORIENTED_EDGE ( 'NONE', *, *, #1601, .T. ) ;
#921 = DIRECTION ( 'NONE',  ( 1.000000000000000000, -1.365923996832131609E-16, 0.000000000000000000 ) ) ;
#922 = VERTEX_POINT ( 'NONE', #927 ) ;
#923 = VECTOR ( 'NONE', #1770, 1000.000000000000000 ) ;
#924 = CARTESIAN_POINT ( 'NONE',  ( 23.74999999999999645, 8.000000000000001776, -2.000000000000000000 ) ) ;
#925 = CARTESIAN_POINT ( 'NONE',  ( 32.75000000000000000, 7.699999999999999289, 3.000000000000001776 ) ) ;
#926 = ADVANCED_FACE ( 'NONE', ( #214 ), #780, .F. ) ;
#927 = CARTESIAN_POINT ( 'NONE',  ( 21.34999999999998366, 11.85500000000000753, 2.990000000000000213 ) ) ;
#928 = DIRECTION ( 'NONE',  ( -1.000000000000000000, 1.365923996832131609E-16, -0.000000000000000000 ) ) ;
#929 = AXIS2_PLACEMENT_3D ( 'NONE', #1428, #323, #734 ) ;
#930 = ORIENTED_EDGE ( 'NONE', *, *, #1664, .T. ) ;
#931 = FACE_OUTER_BOUND ( 'NONE', #1737, .T. ) ;
#932 = DIRECTION ( 'NONE',  ( -0.000000000000000000, 1.000000000000000000, -0.000000000000000000 ) ) ;
#933 = ORIENTED_EDGE ( 'NONE', *, *, #108, .F. ) ;
#934 = LINE ( 'NONE', #1471, #1288 ) ;
#935 = FILL_AREA_STYLE ('',( #81 ) ) ;
#936 = ADVANCED_FACE ( 'NONE', ( #1764 ), #901, .F. ) ;
#937 = DIRECTION ( 'NONE',  ( 1.000000000000000000, 0.000000000000000000, -0.000000000000000000 ) ) ;
#938 = CARTESIAN_POINT ( 'NONE',  ( 29.59999999999999787, 8.000000000000001776, 0.000000000000000000 ) ) ;
#939 = ADVANCED_FACE ( 'NONE', ( #1220 ), #225, .F. ) ;
#940 = EDGE_CURVE ( 'NONE', #397, #911, #82, .T. ) ;
#941 = ORIENTED_EDGE ( 'NONE', *, *, #1540, .T. ) ;
#942 = LINE ( 'NONE', #278, #103 ) ;
#943 = CARTESIAN_POINT ( 'NONE',  ( 22.14999999999998082, -7.749999999999996447, 2.990000000000000213 ) ) ;
#944 = ORIENTED_EDGE ( 'NONE', *, *, #1010, .T. ) ;
#945 = CARTESIAN_POINT ( 'NONE',  ( -25.40000000000000213, -13.40000000000000213, -3.899999999999999911 ) ) ;
#946 = CARTESIAN_POINT ( 'NONE',  ( 29.59999999999999787, 8.000000000000001776, 0.000000000000000000 ) ) ;
#947 = VECTOR ( 'NONE', #1102, 1000.000000000000000 ) ;
#948 = AXIS2_PLACEMENT_3D ( 'NONE', #1656, #797, #1522 ) ;
#949 = DIRECTION ( 'NONE',  ( 0.000000000000000000, 0.000000000000000000, -1.000000000000000000 ) ) ;
#950 = ORIENTED_EDGE ( 'NONE', *, *, #67, .T. ) ;
#951 = DIRECTION ( 'NONE',  ( 1.000000000000000000, -8.673617379884035472E-17, 0.000000000000000000 ) ) ;
#952 = DIRECTION ( 'NONE',  ( -0.000000000000000000, -0.000000000000000000, 1.000000000000000000 ) ) ;
#953 = ORIENTED_EDGE ( 'NONE', *, *, #1203, .T. ) ;
#954 = EDGE_CURVE ( 'NONE', #1371, #978, #1598, .T. ) ;
#955 = CARTESIAN_POINT ( 'NONE',  ( -10.00000000000000533, 9.200000000000004619, -5.469999999999999751 ) ) ;
#956 = CARTESIAN_POINT ( 'NONE',  ( 21.34999999999998366, 11.85500000000000753, 2.979999999999999982 ) ) ;
#957 = VECTOR ( 'NONE', #1802, 1000.000000000000000 ) ;
#958 = CARTESIAN_POINT ( 'NONE',  ( -27.20000000000001350, -11.85500000000000043, 2.979999999999999982 ) ) ;
#959 = VECTOR ( 'NONE', #137, 1000.000000000000000 ) ;
#960 = DIRECTION ( 'NONE',  ( 0.000000000000000000, 1.000000000000000000, -2.168404344971008079E-15 ) ) ;
#961 = ORIENTED_EDGE ( 'NONE', *, *, #424, .T. ) ;
#962 = AXIS2_PLACEMENT_3D ( 'NONE', #556, #1149, #122 ) ;
#963 = STYLED_ITEM ( 'NONE', ( #888 ), #1118 ) ;
#964 = CARTESIAN_POINT ( 'NONE',  ( 29.59999999999999432, 15.20000000000000107, 1.600000000000000089 ) ) ;
#965 = ORIENTED_EDGE ( 'NONE', *, *, #1476, .T. ) ;
#966 = LINE ( 'NONE', #1681, #659 ) ;
#967 = PLANE ( 'NONE',  #962 ) ;
#968 = EDGE_CURVE ( 'NONE', #47, #765, #763, .T. ) ;
#969 = DIRECTION ( 'NONE',  ( -0.000000000000000000, -0.000000000000000000, 1.000000000000000000 ) ) ;
#970 = CARTESIAN_POINT ( 'NONE',  ( -10.00000000000000533, 15.20000000000000107, -5.469999999999999751 ) ) ;
#971 = VERTEX_POINT ( 'NONE', #391 ) ;
#972 = LINE ( 'NONE', #1535, #838 ) ;
#973 = ORIENTED_EDGE ( 'NONE', *, *, #1173, .T. ) ;
#974 = SURFACE_STYLE_FILL_AREA ( #1387 ) ;
#975 = CARTESIAN_POINT ( 'NONE',  ( -28.00000000000000355, -12.65500000000000114, 2.990000000000000213 ) ) ;
#976 = CARTESIAN_POINT ( 'NONE',  ( 32.74999999999999289, 6.500000000000003553, 2.600000000000000089 ) ) ;
#977 = FACE_OUTER_BOUND ( 'NONE', #1060, .T. ) ;
#978 = VERTEX_POINT ( 'NONE', #141 ) ;
#979 = VERTEX_POINT ( 'NONE', #671 ) ;
#980 = ADVANCED_FACE ( 'NONE', ( #821 ), #380, .T. ) ;
#981 = VECTOR ( 'NONE', #666, 1000.000000000000000 ) ;
#982 = EDGE_CURVE ( 'NONE', #415, #273, #106, .T. ) ;
#983 = DIRECTION ( 'NONE',  ( 1.000000000000000000, 0.000000000000000000, 0.000000000000000000 ) ) ;
#984 = VECTOR ( 'NONE', #1055, 1000.000000000000000 ) ;
#985 = CARTESIAN_POINT ( 'NONE',  ( -28.00000000000000355, -12.65500000000000114, 2.990000000000000213 ) ) ;
#986 = ORIENTED_EDGE ( 'NONE', *, *, #1587, .T. ) ;
#987 = VECTOR ( 'NONE', #1233, 1000.000000000000000 ) ;
#988 = ORIENTED_EDGE ( 'NONE', *, *, #1313, .F. ) ;
#989 = VECTOR ( 'NONE', #19, 1000.000000000000000 ) ;
#990 = FACE_OUTER_BOUND ( 'NONE', #1610, .T. ) ;
#991 = DIRECTION ( 'NONE',  ( 1.000000000000000000, 0.000000000000000000, 0.000000000000000000 ) ) ;
#992 = DIRECTION ( 'NONE',  ( 1.365923996832131609E-16, 1.000000000000000000, 0.000000000000000000 ) ) ;
#993 = VERTEX_POINT ( 'NONE', #276 ) ;
#994 = EDGE_CURVE ( 'NONE', #230, #602, #1239, .T. ) ;
#995 = DIRECTION ( 'NONE',  ( 0.000000000000000000, -2.168404344971008079E-15, -1.000000000000000000 ) ) ;
#996 = ORIENTED_EDGE ( 'NONE', *, *, #1263, .T. ) ;
#997 = EDGE_CURVE ( 'NONE', #1311, #39, #115, .T. ) ;
#998 = CARTESIAN_POINT ( 'NONE',  ( -25.40000000000000213, -13.40000000000000213, -3.899999999999999911 ) ) ;
#999 = ADVANCED_FACE ( 'NONE', ( #242 ), #1814, .T. ) ;
#1000 = DIRECTION ( 'NONE',  ( -0.000000000000000000, -0.000000000000000000, 1.000000000000000000 ) ) ;
#1001 = CARTESIAN_POINT ( 'NONE',  ( 29.39999999999998792, 7.699999999999999289, 2.600000000000001421 ) ) ;
#1002 = CARTESIAN_POINT ( 'NONE',  ( 29.59999999999999787, -12.19999999999999929, 0.000000000000000000 ) ) ;
#1003 = ORIENTED_EDGE ( 'NONE', *, *, #29, .T. ) ;
#1004 = AXIS2_PLACEMENT_3D ( 'NONE', #1596, #331, #590 ) ;
#1005 = VECTOR ( 'NONE', #1489, 1000.000000000000000 ) ;
#1006 = VERTEX_POINT ( 'NONE', #810 ) ;
#1007 = ADVANCED_FACE ( 'NONE', ( #843 ), #828, .F. ) ;
#1008 = DIRECTION ( 'NONE',  ( 0.000000000000000000, 0.000000000000000000, 1.000000000000000000 ) ) ;
#1009 = LINE ( 'NONE', #1568, #1224 ) ;
#1010 = EDGE_CURVE ( 'NONE', #716, #560, #1089, .T. ) ;
#1011 =( NAMED_UNIT ( * ) SI_UNIT ( $, .STERADIAN. ) SOLID_ANGLE_UNIT ( ) );
#1012 =( NAMED_UNIT ( * ) PLANE_ANGLE_UNIT ( ) SI_UNIT ( $, .RADIAN. ) );
#1013 = FACE_OUTER_BOUND ( 'NONE', #1156, .T. ) ;
#1014 = EDGE_LOOP ( 'NONE', ( #1356, #767, #1165, #1517 ) ) ;
#1015 = VECTOR ( 'NONE', #887, 1000.000000000000000 ) ;
#1016 = UNCERTAINTY_MEASURE_WITH_UNIT (LENGTH_MEASURE( 1.000000000000000082E-05 ), #1433, 'distance_accuracy_value', 'NONE');
#1017 = ORIENTED_EDGE ( 'NONE', *, *, #1828, .F. ) ;
#1018 = EDGE_CURVE ( 'NONE', #1031, #979, #549, .T. ) ;
#1019 = DIRECTION ( 'NONE',  ( 1.370781095200953797E-16, -1.000000000000000000, 0.000000000000000000 ) ) ;
#1020 = LINE ( 'NONE', #1559, #808 ) ;
#1021 = PRESENTATION_LAYER_ASSIGNMENT (  '', '', ( #696 ) ) ;
#1022 = FILL_AREA_STYLE_COLOUR ( '', #251 ) ;
#1023 = PLANE ( 'NONE',  #1739 ) ;
#1024 = PLANE ( 'NONE',  #1438 ) ;
#1025 = EDGE_LOOP ( 'NONE', ( #333, #571, #988, #1627 ) ) ;
#1026 = ORIENTED_EDGE ( 'NONE', *, *, #1512, .F. ) ;
#1027 = DIRECTION ( 'NONE',  ( -0.000000000000000000, -0.000000000000000000, 1.000000000000000000 ) ) ;
#1028 = CARTESIAN_POINT ( 'NONE',  ( 0.000000000000000000, 0.000000000000000000, 2.990000000000000213 ) ) ;
#1029 = CARTESIAN_POINT ( 'NONE',  ( 29.59999999999999787, -12.19999999999999929, 1.600000000000000089 ) ) ;
#1030 = CARTESIAN_POINT ( 'NONE',  ( 22.14999999999998082, -7.749999999999996447, 3.000000000000000000 ) ) ;
#1031 = VERTEX_POINT ( 'NONE', #1111 ) ;
#1032 = ORIENTED_EDGE ( 'NONE', *, *, #1057, .T. ) ;
#1033 = VECTOR ( 'NONE', #1785, 1000.000000000000000 ) ;
#1034 = VECTOR ( 'NONE', #1744, 1000.000000000000000 ) ;
#1035 = DIRECTION ( 'NONE',  ( 0.000000000000000000, 0.000000000000000000, 1.000000000000000000 ) ) ;
#1036 = ORIENTED_EDGE ( 'NONE', *, *, #1372, .T. ) ;
#1037 = FACE_OUTER_BOUND ( 'NONE', #1216, .T. ) ;
#1038 = FACE_OUTER_BOUND ( 'NONE', #1663, .T. ) ;
#1039 = ADVANCED_FACE ( 'NONE', ( #1532 ), #123, .T. ) ;
#1040 = DIRECTION ( 'NONE',  ( 0.000000000000000000, 0.000000000000000000, -1.000000000000000000 ) ) ;
#1041 = ORIENTED_EDGE ( 'NONE', *, *, #1414, .F. ) ;
#1042 = ORIENTED_EDGE ( 'NONE', *, *, #968, .T. ) ;
#1043 = AXIS2_PLACEMENT_3D ( 'NONE', #1467, #895, #905 ) ;
#1044 = PRODUCT_RELATED_PRODUCT_CATEGORY ( 'part', '', ( #1176 ) ) ;
#1045 = PLANE ( 'NONE',  #893 ) ;
#1046 = ORIENTED_EDGE ( 'NONE', *, *, #158, .F. ) ;
#1047 = DIRECTION ( 'NONE',  ( 1.000000000000000000, 1.429226344780067770E-16, -0.000000000000000000 ) ) ;
#1048 = DIRECTION ( 'NONE',  ( -1.000000000000000000, 1.482669637587015260E-16, -0.000000000000000000 ) ) ;
#1049 = VECTOR ( 'NONE', #837, 1000.000000000000000 ) ;
#1050 = DIRECTION ( 'NONE',  ( 0.000000000000000000, 0.000000000000000000, -1.000000000000000000 ) ) ;
#1051 = VERTEX_POINT ( 'NONE', #131 ) ;
#1052 = VERTEX_POINT ( 'NONE', #1677 ) ;
#1053 = LINE ( 'NONE', #622, #480 ) ;
#1054 = ORIENTED_EDGE ( 'NONE', *, *, #490, .T. ) ;
#1055 = DIRECTION ( 'NONE',  ( -1.000000000000000000, -0.000000000000000000, -0.000000000000000000 ) ) ;
#1056 = CARTESIAN_POINT ( 'NONE',  ( -32.60000000000000853, -12.19999999999999929, 1.600000000000000089 ) ) ;
#1057 = EDGE_CURVE ( 'NONE', #273, #1371, #411, .T. ) ;
#1058 = CARTESIAN_POINT ( 'NONE',  ( -10.00000000000000533, 15.20000000000000107, 0.000000000000000000 ) ) ;
#1059 = ORIENTED_EDGE ( 'NONE', *, *, #88, .T. ) ;
#1060 = EDGE_LOOP ( 'NONE', ( #374, #1544, #1171, #526 ) ) ;
#1061 = EDGE_CURVE ( 'NONE', #485, #1536, #698, .T. ) ;
#1062 = LINE ( 'NONE', #491, #1460 ) ;
#1063 = ORIENTED_EDGE ( 'NONE', *, *, #167, .T. ) ;
#1064 = AXIS2_PLACEMENT_3D ( 'NONE', #680, #960, #829 ) ;
#1065 = DIRECTION ( 'NONE',  ( -0.000000000000000000, -1.000000000000000000, -1.445602896647343847E-15 ) ) ;
#1066 = SURFACE_STYLE_FILL_AREA ( #935 ) ;
#1067 = CARTESIAN_POINT ( 'NONE',  ( 32.75000000000000000, -5.999999999999997335, 0.8499999999999995337 ) ) ;
#1068 = FACE_OUTER_BOUND ( 'NONE', #545, .T. ) ;
#1069 = ORIENTED_EDGE ( 'NONE', *, *, #658, .F. ) ;
#1070 = DIRECTION ( 'NONE',  ( 0.000000000000000000, 0.000000000000000000, -1.000000000000000000 ) ) ;
#1071 = EDGE_CURVE ( 'NONE', #902, #65, #557, .T. ) ;
#1072 = CARTESIAN_POINT ( 'NONE',  ( 9.999999999999994671, 15.19999999999999929, -5.469999999999999751 ) ) ;
#1073 = ORIENTED_EDGE ( 'NONE', *, *, #1633, .F. ) ;
#1074 = VECTOR ( 'NONE', #1395, 1000.000000000000000 ) ;
#1075 = LINE ( 'NONE', #1623, #425 ) ;
#1076 = EDGE_CURVE ( 'NONE', #993, #1052, #446, .T. ) ;
#1077 = PLANE ( 'NONE',  #948 ) ;
#1078 = EDGE_CURVE ( 'NONE', #1303, #560, #739, .T. ) ;
#1079 = CARTESIAN_POINT ( 'NONE',  ( -30.00000000000001421, -14.69999999999999929, 3.000000000000000000 ) ) ;
#1080 = CARTESIAN_POINT ( 'NONE',  ( 9.999999999999994671, 9.199999999999999289, 0.000000000000000000 ) ) ;
#1081 = AXIS2_PLACEMENT_3D ( 'NONE', #1067, #628, #1050 ) ;
#1082 = MANIFOLD_SOLID_BREP ( 'display body', #1127 ) ;
#1083 = ORIENTED_EDGE ( 'NONE', *, *, #342, .T. ) ;
#1084 = DIRECTION ( 'NONE',  ( -0.000000000000000000, -1.000000000000000000, 0.000000000000000000 ) ) ;
#1085 = CARTESIAN_POINT ( 'NONE',  ( 0.000000000000000000, 0.000000000000000000, 1.600000000000000089 ) ) ;
#1086 = EDGE_LOOP ( 'NONE', ( #1322, #135, #654, #121 ) ) ;
#1087 = LINE ( 'NONE', #819, #1600 ) ;
#1088 = CARTESIAN_POINT ( 'NONE',  ( 32.59999999999999432, -12.19999999999999929, 1.600000000000000089 ) ) ;
#1089 = LINE ( 'NONE', #705, #814 ) ;
#1090 = ADVANCED_FACE ( 'NONE', ( #1151 ), #1451, .F. ) ;
#1091 = LINE ( 'NONE', #116, #1217 ) ;
#1092 = EDGE_CURVE ( 'NONE', #1212, #1753, #713, .T. ) ;
#1093 = ORIENTED_EDGE ( 'NONE', *, *, #1738, .F. ) ;
#1094 = LINE ( 'NONE', #228, #11 ) ;
#1095 = CARTESIAN_POINT ( 'NONE',  ( -29.60000000000001208, -12.19999999999999929, 1.600000000000000089 ) ) ;
#1096 = ORIENTED_EDGE ( 'NONE', *, *, #633, .F. ) ;
#1097 = LINE ( 'NONE', #945, #1435 ) ;
#1098 = LINE ( 'NONE', #1088, #1366 ) ;
#1099 = AXIS2_PLACEMENT_3D ( 'NONE', #1152, #558, #1710 ) ;
#1100 = VECTOR ( 'NONE', #1820, 1000.000000000000000 ) ;
#1101 = DIRECTION ( 'NONE',  ( 0.000000000000000000, 0.000000000000000000, -1.000000000000000000 ) ) ;
#1102 = DIRECTION ( 'NONE',  ( 0.000000000000000000, -1.000000000000000000, 0.000000000000000000 ) ) ;
#1103 = EDGE_LOOP ( 'NONE', ( #1054, #495, #78, #1042 ) ) ;
#1104 = CARTESIAN_POINT ( 'NONE',  ( 29.39999999999998792, -14.69999999999999929, 3.000000000000000000 ) ) ;
#1105 = ORIENTED_EDGE ( 'NONE', *, *, #982, .T. ) ;
#1106 = ADVANCED_FACE ( 'NONE', ( #303 ), #872, .F. ) ;
#1107 =( NAMED_UNIT ( * ) PLANE_ANGLE_UNIT ( ) SI_UNIT ( $, .RADIAN. ) );
#1108 = DIRECTION ( 'NONE',  ( -5.551115123125782702E-16, -1.000000000000000000, -0.000000000000000000 ) ) ;
#1109 = VECTOR ( 'NONE', #564, 1000.000000000000000 ) ;
#1110 = AXIS2_PLACEMENT_3D ( 'NONE', #924, #79, #1218 ) ;
#1111 = CARTESIAN_POINT ( 'NONE',  ( 23.74999999999999645, 8.000000000000001776, -2.000000000000000000 ) ) ;
#1112 = FILL_AREA_STYLE ('',( #1251 ) ) ;
#1113 = ORIENTED_EDGE ( 'NONE', *, *, #224, .F. ) ;
#1114 = CIRCLE ( 'NONE', #1081, 2.149999999999999911 ) ;
#1115 = DIRECTION ( 'NONE',  ( 0.000000000000000000, 0.000000000000000000, 1.000000000000000000 ) ) ;
#1116 = VERTEX_POINT ( 'NONE', #1308 ) ;
#1117 = DIRECTION ( 'NONE',  ( 0.000000000000000000, -1.000000000000000000, 0.000000000000000000 ) ) ;
#1118 = MANIFOLD_SOLID_BREP ( 'flex connector body', #1620 ) ;
#1119 = CARTESIAN_POINT ( 'NONE',  ( -28.00000000000000711, 12.65500000000000114, 2.990000000000000213 ) ) ;
#1120 = DIRECTION ( 'NONE',  ( 0.000000000000000000, 0.000000000000000000, 1.000000000000000000 ) ) ;
#1121 = PLANE ( 'NONE',  #1651 ) ;
#1122 = EDGE_LOOP ( 'NONE', ( #1170, #1325, #1447, #365, #1297, #1720, #965, #200 ) ) ;
#1123 = ORIENTED_EDGE ( 'NONE', *, *, #1810, .T. ) ;
#1124 = EDGE_CURVE ( 'NONE', #896, #1659, #168, .T. ) ;
#1125 = SURFACE_STYLE_USAGE ( .BOTH. , #399 ) ;
#1126 = CARTESIAN_POINT ( 'NONE',  ( 9.999999999999994671, 9.199999999999999289, -5.469999999999999751 ) ) ;
#1127 = CLOSED_SHELL ( 'NONE', ( #1691, #1147, #360, #339, #1708, #1671, #1409, #1090, #1794, #1007, #159, #760, #1106, #551, #487, #1179, #543, #322, #733, #846 ) ) ;
#1128 = LINE ( 'NONE', #412, #1709 ) ;
#1129 = VECTOR ( 'NONE', #669, 1000.000000000000000 ) ;
#1130 = PLANE ( 'NONE',  #218 ) ;
#1131 = VERTEX_POINT ( 'NONE', #574 ) ;
#1132 = ORIENTED_EDGE ( 'NONE', *, *, #158, .T. ) ;
#1133 = LINE ( 'NONE', #18, #596 ) ;
#1134 = CARTESIAN_POINT ( 'NONE',  ( 24.89999999999998792, 12.65500000000000824, 2.990000000000000213 ) ) ;
#1135 = EDGE_CURVE ( 'NONE', #230, #1245, #350, .T. ) ;
#1136 = DIRECTION ( 'NONE',  ( -1.000000000000000000, 0.000000000000000000, 0.000000000000000000 ) ) ;
#1137 = VECTOR ( 'NONE', #1065, 1000.000000000000000 ) ;
#1138 = CARTESIAN_POINT ( 'NONE',  ( -32.60000000000000853, 12.19999999999999574, 1.600000000000000089 ) ) ;
#1139 = ORIENTED_EDGE ( 'NONE', *, *, #1263, .F. ) ;
#1140 = ORIENTED_EDGE ( 'NONE', *, *, #1647, .T. ) ;
#1141 = VECTOR ( 'NONE', #1657, 1000.000000000000000 ) ;
#1142 = FACE_BOUND ( 'NONE', #6, .T. ) ;
#1143 = SURFACE_STYLE_FILL_AREA ( #35 ) ;
#1144 = PRODUCT_DEFINITION ( 'UNKNOWN', '', #1259, #552 ) ;
#1145 = DIRECTION ( 'NONE',  ( -1.000000000000000000, 0.000000000000000000, 0.000000000000000000 ) ) ;
#1146 = VERTEX_POINT ( 'NONE', #481 ) ;
#1147 = ADVANCED_FACE ( 'NONE', ( #1762 ), #761, .F. ) ;
#1148 = ORIENTED_EDGE ( 'NONE', *, *, #1194, .T. ) ;
#1149 = DIRECTION ( 'NONE',  ( -1.000000000000000000, 0.000000000000000000, -0.000000000000000000 ) ) ;
#1150 = FACE_OUTER_BOUND ( 'NONE', #1771, .T. ) ;
#1151 = FACE_OUTER_BOUND ( 'NONE', #1351, .T. ) ;
#1152 = CARTESIAN_POINT ( 'NONE',  ( -32.60000000000000853, 15.20000000000000107, 1.600000000000000089 ) ) ;
#1153 = DIRECTION ( 'NONE',  ( 0.000000000000000000, 0.000000000000000000, -1.000000000000000000 ) ) ;
#1154 = ORIENTED_EDGE ( 'NONE', *, *, #603, .T. ) ;
#1155 = AXIS2_PLACEMENT_3D ( 'NONE', #1029, #899, #493 ) ;
#1156 = EDGE_LOOP ( 'NONE', ( #202, #1252, #16, #384, #348, #1431 ) ) ;
#1157 = DIRECTION ( 'NONE',  ( -6.938893903907227392E-16, -1.000000000000000000, 0.000000000000000000 ) ) ;
#1158 = PLANE ( 'NONE',  #450 ) ;
#1159 = EDGE_CURVE ( 'NONE', #918, #1632, #1075, .T. ) ;
#1160 =( NAMED_UNIT ( * ) PLANE_ANGLE_UNIT ( ) SI_UNIT ( $, .RADIAN. ) );
#1161 = DIRECTION ( 'NONE',  ( 0.000000000000000000, -1.000000000000000000, 0.000000000000000000 ) ) ;
#1162 = CARTESIAN_POINT ( 'NONE',  ( 0.000000000000000000, 0.000000000000000000, 0.000000000000000000 ) ) ;
#1163 = ORIENTED_EDGE ( 'NONE', *, *, #651, .F. ) ;
#1164 = AXIS2_PLACEMENT_3D ( 'NONE', #387, #112, #685 ) ;
#1165 = ORIENTED_EDGE ( 'NONE', *, *, #1283, .T. ) ;
#1166 = LINE ( 'NONE', #458, #1168 ) ;
#1167 = PLANE ( 'NONE',  #97 ) ;
#1168 = VECTOR ( 'NONE', #1027, 1000.000000000000000 ) ;
#1169 = CARTESIAN_POINT ( 'NONE',  ( 29.59999999999999787, 6.500000000000003553, -1.300000000000000044 ) ) ;
#1170 = ORIENTED_EDGE ( 'NONE', *, *, #1828, .T. ) ;
#1171 = ORIENTED_EDGE ( 'NONE', *, *, #292, .T. ) ;
#1172 = FACE_OUTER_BOUND ( 'NONE', #610, .T. ) ;
#1173 = EDGE_CURVE ( 'NONE', #1703, #273, #500, .T. ) ;
#1174 = ORIENTED_EDGE ( 'NONE', *, *, #1313, .T. ) ;
#1175 = DIRECTION ( 'NONE',  ( 1.000000000000000000, 0.000000000000000000, -0.000000000000000000 ) ) ;
#1176 = PRODUCT ( '2.13inch e-Paper HAT bwr v3', '2.13inch e-Paper HAT bwr v3', '', ( #1704 ) ) ;
#1177 = FACE_OUTER_BOUND ( 'NONE', #1758, .T. ) ;
#1178 = CARTESIAN_POINT ( 'NONE',  ( 21.34999999999998366, 11.85500000000000753, 2.979999999999999982 ) ) ;
#1179 = ADVANCED_FACE ( 'NONE', ( #644 ), #1327, .T. ) ;
#1180 = ORIENTED_EDGE ( 'NONE', *, *, #1287, .T. ) ;
#1181 = ORIENTED_EDGE ( 'NONE', *, *, #349, .T. ) ;
#1182 = PRESENTATION_LAYER_ASSIGNMENT (  '', '', ( #1767 ) ) ;
#1183 =( GEOMETRIC_REPRESENTATION_CONTEXT ( 3 ) GLOBAL_UNCERTAINTY_ASSIGNED_CONTEXT ( ( #1394 ) ) GLOBAL_UNIT_ASSIGNED_CONTEXT ( ( #1238, #252, #502 ) ) REPRESENTATION_CONTEXT ( 'NONE', 'WORKASPACE' ) );
#1184 = DIRECTION ( 'NONE',  ( -5.551115123125782702E-16, 1.000000000000000000, 7.186305762638912495E-32 ) ) ;
#1185 = ORIENTED_EDGE ( 'NONE', *, *, #1213, .F. ) ;
#1186 = CARTESIAN_POINT ( 'NONE',  ( 21.34999999999998366, 11.85500000000000753, 2.979999999999999982 ) ) ;
#1187 = CARTESIAN_POINT ( 'NONE',  ( -30.00000000000001421, -14.69999999999999929, 3.000000000000000000 ) ) ;
#1188 = CARTESIAN_POINT ( 'NONE',  ( 24.89999999999998792, 7.750000000000003553, 2.990000000000000213 ) ) ;
#1189 = EDGE_LOOP ( 'NONE', ( #1575, #1123, #68, #75 ) ) ;
#1190 = EDGE_LOOP ( 'NONE', ( #1790, #297, #51, #961 ) ) ;
#1191 = VECTOR ( 'NONE', #921, 1000.000000000000000 ) ;
#1192 = VECTOR ( 'NONE', #769, 1000.000000000000000 ) ;
#1193 = CARTESIAN_POINT ( 'NONE',  ( -25.40000000000000213, -8.400000000000000355, 0.000000000000000000 ) ) ;
#1194 = EDGE_CURVE ( 'NONE', #922, #1052, #1733, .T. ) ;
#1195 = ORIENTED_EDGE ( 'NONE', *, *, #633, .T. ) ;
#1196 = UNCERTAINTY_MEASURE_WITH_UNIT (LENGTH_MEASURE( 1.000000000000000082E-05 ), #598, 'distance_accuracy_value', 'NONE');
#1197 = CARTESIAN_POINT ( 'NONE',  ( -30.00000000000001421, 14.69999999999999929, 3.000000000000000000 ) ) ;
#1198 = COLOUR_RGB ( '',0.7921568627450980005, 0.8196078431372548767, 0.9333333333333333481 ) ;
#1199 = FACE_OUTER_BOUND ( 'NONE', #795, .T. ) ;
#1200 = PRESENTATION_LAYER_ASSIGNMENT (  '', '', ( #963 ) ) ;
#1201 = FACE_OUTER_BOUND ( 'NONE', #405, .T. ) ;
#1202 = ORIENTED_EDGE ( 'NONE', *, *, #9, .T. ) ;
#1203 = EDGE_CURVE ( 'NONE', #1437, #441, #1207, .T. ) ;
#1204 = ORIENTED_EDGE ( 'NONE', *, *, #473, .T. ) ;
#1205 = DIRECTION ( 'NONE',  ( -0.000000000000000000, -0.000000000000000000, -1.000000000000000000 ) ) ;
#1206 = EDGE_LOOP ( 'NONE', ( #248, #434, #1642, #1484 ) ) ;
#1207 = LINE ( 'NONE', #1480, #1343 ) ;
#1208 = CARTESIAN_POINT ( 'NONE',  ( -25.40000000000000213, -8.400000000000000355, 0.000000000000000000 ) ) ;
#1209 = DIRECTION ( 'NONE',  ( 0.000000000000000000, 0.000000000000000000, -1.000000000000000000 ) ) ;
#1210 = SURFACE_SIDE_STYLE ('',( #1668 ) ) ;
#1211 = EDGE_CURVE ( 'NONE', #605, #1303, #607, .T. ) ;
#1212 = VERTEX_POINT ( 'NONE', #222 ) ;
#1213 = EDGE_CURVE ( 'NONE', #1261, #1245, #470, .T. ) ;
#1214 = CARTESIAN_POINT ( 'NONE',  ( 32.75000000000000000, -5.999999999999997335, 2.599999999999999645 ) ) ;
#1215 = CARTESIAN_POINT ( 'NONE',  ( -25.40000000000000213, -13.40000000000000213, -3.899999999999999911 ) ) ;
#1216 = EDGE_LOOP ( 'NONE', ( #1069, #499, #640, #1491 ) ) ;
#1217 = VECTOR ( 'NONE', #261, 1000.000000000000000 ) ;
#1218 = DIRECTION ( 'NONE',  ( 2.238352872228138170E-16, 1.000000000000000000, 0.000000000000000000 ) ) ;
#1219 = SURFACE_STYLE_USAGE ( .BOTH. , #390 ) ;
#1220 = FACE_OUTER_BOUND ( 'NONE', #1639, .T. ) ;
#1221 = PRESENTATION_STYLE_ASSIGNMENT (( #1765 ) ) ;
#1222 = ORIENTED_EDGE ( 'NONE', *, *, #1071, .T. ) ;
#1223 = CARTESIAN_POINT ( 'NONE',  ( 22.14999999999998082, -7.749999999999996447, 3.000000000000000000 ) ) ;
#1224 = VECTOR ( 'NONE', #721, 1000.000000000000000 ) ;
#1225 = FACE_OUTER_BOUND ( 'NONE', #775, .T. ) ;
#1226 = ORIENTED_EDGE ( 'NONE', *, *, #1159, .T. ) ;
#1227 = AXIS2_PLACEMENT_3D ( 'NONE', #1197, #370, #203 ) ;
#1228 = CARTESIAN_POINT ( 'NONE',  ( 29.39999999999998792, -14.69999999999999929, 3.000000000000000000 ) ) ;
#1229 = AXIS2_PLACEMENT_3D ( 'NONE', #975, #165, #1306 ) ;
#1230 = CARTESIAN_POINT ( 'NONE',  ( 29.59999999999999076, -5.999999999999997335, -0.9000000000000000222 ) ) ;
#1231 = CARTESIAN_POINT ( 'NONE',  ( -27.20000000000001350, 11.85500000000000043, 2.979999999999999982 ) ) ;
#1232 = VERTEX_POINT ( 'NONE', #1488 ) ;
#1233 = DIRECTION ( 'NONE',  ( -0.000000000000000000, -0.000000000000000000, -1.000000000000000000 ) ) ;
#1234 = FACE_BOUND ( 'NONE', #1566, .T. ) ;
#1235 = ORIENTED_EDGE ( 'NONE', *, *, #554, .F. ) ;
#1236 = ADVANCED_FACE ( 'NONE', ( #897 ), #1357, .F. ) ;
#1237 = CARTESIAN_POINT ( 'NONE',  ( 29.39999999999998792, -1.643130076445231364E-14, 1.700000000000000178 ) ) ;
#1238 =( LENGTH_UNIT ( ) NAMED_UNIT ( * ) SI_UNIT ( .MILLI., .METRE. ) );
#1239 = LINE ( 'NONE', #402, #1669 ) ;
#1240 = LINE ( 'NONE', #540, #27 ) ;
#1241 = EDGE_CURVE ( 'NONE', #39, #701, #211, .T. ) ;
#1242 = EDGE_CURVE ( 'NONE', #993, #235, #44, .T. ) ;
#1243 = ORIENTED_EDGE ( 'NONE', *, *, #17, .F. ) ;
#1244 = CARTESIAN_POINT ( 'NONE',  ( -10.00000000000000533, 15.20000000000000107, 0.000000000000000000 ) ) ;
#1245 = VERTEX_POINT ( 'NONE', #1319 ) ;
#1246 = CARTESIAN_POINT ( 'NONE',  ( 29.59999999999999076, -7.499999999999998224, 0.000000000000000000 ) ) ;
#1247 = LINE ( 'NONE', #645, #1005 ) ;
#1248 = MECHANICAL_DESIGN_GEOMETRIC_PRESENTATION_REPRESENTATION (  '', ( #1767 ), #681 ) ;
#1249 = AXIS2_PLACEMENT_3D ( 'NONE', #771, #1734, #53 ) ;
#1250 = DIRECTION ( 'NONE',  ( 0.000000000000000000, 0.000000000000000000, -1.000000000000000000 ) ) ;
#1251 = FILL_AREA_STYLE_COLOUR ( '', #503 ) ;
#1252 = ORIENTED_EDGE ( 'NONE', *, *, #1173, .F. ) ;
#1253 = DIRECTION ( 'NONE',  ( -1.000000000000000000, 0.000000000000000000, -0.000000000000000000 ) ) ;
#1254 = ORIENTED_EDGE ( 'NONE', *, *, #1434, .F. ) ;
#1255 = EDGE_CURVE ( 'NONE', #601, #1031, #934, .T. ) ;
#1256 = LINE ( 'NONE', #1530, #542 ) ;
#1257 = CYLINDRICAL_SURFACE ( 'NONE', #722, 2.999999999999999112 ) ;
#1258 = DIRECTION ( 'NONE',  ( -1.000000000000000000, 0.000000000000000000, 0.000000000000000000 ) ) ;
#1259 = PRODUCT_DEFINITION_FORMATION_WITH_SPECIFIED_SOURCE ( 'ANY', '', #1176, .NOT_KNOWN. ) ;
#1260 = FACE_OUTER_BOUND ( 'NONE', #550, .T. ) ;
#1261 = VERTEX_POINT ( 'NONE', #1772 ) ;
#1262 = AXIS2_PLACEMENT_3D ( 'NONE', #1384, #1084, #76 ) ;
#1263 = EDGE_CURVE ( 'NONE', #701, #922, #1743, .T. ) ;
#1264 = LINE ( 'NONE', #964, #36 ) ;
#1265 = ORIENTED_EDGE ( 'NONE', *, *, #1315, .T. ) ;
#1266 = CARTESIAN_POINT ( 'NONE',  ( 29.59999999999999076, -7.499999999999998224, -2.000000000000000000 ) ) ;
#1267 = CARTESIAN_POINT ( 'NONE',  ( 22.14999999999998082, 7.750000000000003553, 2.990000000000000213 ) ) ;
#1268 = FACE_OUTER_BOUND ( 'NONE', #13, .T. ) ;
#1269 = DIRECTION ( 'NONE',  ( -0.000000000000000000, 1.000000000000000000, -0.000000000000000000 ) ) ;
#1270 = EDGE_LOOP ( 'NONE', ( #56, #1526, #1599, #1180 ) ) ;
#1271 = ADVANCED_FACE ( 'NONE', ( #1037 ), #1497, .T. ) ;
#1272 = EDGE_LOOP ( 'NONE', ( #973, #1032, #695, #1204 ) ) ;
#1273 = EDGE_CURVE ( 'NONE', #1232, #1583, #340, .T. ) ;
#1274 = CARTESIAN_POINT ( 'NONE',  ( 32.59999999999999432, -15.19999999999999751, 0.000000000000000000 ) ) ;
#1275 = DIRECTION ( 'NONE',  ( 1.000000000000000000, 0.000000000000000000, -0.000000000000000000 ) ) ;
#1276 = AXIS2_PLACEMENT_3D ( 'NONE', #420, #983, #277 ) ;
#1277 = LINE ( 'NONE', #431, #885 ) ;
#1278 = STYLED_ITEM ( 'NONE', ( #1624 ), #461 ) ;
#1279 = PLANE ( 'NONE',  #454 ) ;
#1280 = EDGE_LOOP ( 'NONE', ( #208, #1687, #271, #1475 ) ) ;
#1281 = ORIENTED_EDGE ( 'NONE', *, *, #497, .T. ) ;
#1282 = CARTESIAN_POINT ( 'NONE',  ( -25.40000000000000213, -8.400000000000000355, -3.899999999999999911 ) ) ;
#1283 = EDGE_CURVE ( 'NONE', #602, #1261, #907, .T. ) ;
#1284 = DIRECTION ( 'NONE',  ( 1.000000000000000000, 0.000000000000000000, 0.000000000000000000 ) ) ;
#1285 = VECTOR ( 'NONE', #1324, 1000.000000000000000 ) ;
#1286 = CARTESIAN_POINT ( 'NONE',  ( 29.59999999999999432, -1.643130076445231364E-14, 0.000000000000000000 ) ) ;
#1287 = EDGE_CURVE ( 'NONE', #979, #60, #1256, .T. ) ;
#1288 = VECTOR ( 'NONE', #615, 1000.000000000000000 ) ;
#1289 = DIRECTION ( 'NONE',  ( -6.938893903907226405E-16, -1.000000000000000000, 0.000000000000000000 ) ) ;
#1290 = ORIENTED_EDGE ( 'NONE', *, *, #1465, .T. ) ;
#1291 = VECTOR ( 'NONE', #729, 1000.000000000000000 ) ;
#1292 = LINE ( 'NONE', #856, #959 ) ;
#1293 = ORIENTED_EDGE ( 'NONE', *, *, #1470, .T. ) ;
#1294 = DIRECTION ( 'NONE',  ( 0.000000000000000000, 1.000000000000000000, 0.000000000000000000 ) ) ;
#1295 = FILL_AREA_STYLE ('',( #1022 ) ) ;
#1296 = ORIENTED_EDGE ( 'NONE', *, *, #594, .F. ) ;
#1297 = ORIENTED_EDGE ( 'NONE', *, *, #108, .T. ) ;
#1298 = LINE ( 'NONE', #1531, #515 ) ;
#1299 = CARTESIAN_POINT ( 'NONE',  ( 0.000000000000000000, 0.000000000000000000, 0.000000000000000000 ) ) ;
#1300 = CARTESIAN_POINT ( 'NONE',  ( -29.60000000000001208, 15.20000000000000107, 1.600000000000000089 ) ) ;
#1301 = CARTESIAN_POINT ( 'NONE',  ( 23.74999999999999289, -7.499999999999997335, -2.000000000000000000 ) ) ;
#1302 = CARTESIAN_POINT ( 'NONE',  ( 24.89999999999998792, -7.749999999999996447, 2.990000000000000213 ) ) ;
#1303 = VERTEX_POINT ( 'NONE', #1367 ) ;
#1304 = VECTOR ( 'NONE', #1500, 1000.000000000000000 ) ;
#1305 = ORIENTED_EDGE ( 'NONE', *, *, #1242, .T. ) ;
#1306 = DIRECTION ( 'NONE',  ( 0.000000000000000000, -0.000000000000000000, -1.000000000000000000 ) ) ;
#1307 = PLANE ( 'NONE',  #1312 ) ;
#1308 = CARTESIAN_POINT ( 'NONE',  ( -32.60000000000000853, -12.19999999999999929, 0.000000000000000000 ) ) ;
#1309 = LINE ( 'NONE', #880, #1399 ) ;
#1310 = DIRECTION ( 'NONE',  ( -0.000000000000000000, -0.000000000000000000, 1.000000000000000000 ) ) ;
#1311 = VERTEX_POINT ( 'NONE', #527 ) ;
#1312 = AXIS2_PLACEMENT_3D ( 'NONE', #437, #1689, #588 ) ;
#1313 = EDGE_CURVE ( 'NONE', #1659, #1232, #1780, .T. ) ;
#1314 = ORIENTED_EDGE ( 'NONE', *, *, #818, .T. ) ;
#1315 = EDGE_CURVE ( 'NONE', #853, #60, #1538, .T. ) ;
#1316 = DIRECTION ( 'NONE',  ( 0.000000000000000000, 0.000000000000000000, 1.000000000000000000 ) ) ;
#1317 = VECTOR ( 'NONE', #917, 1000.000000000000000 ) ;
#1318 = EDGE_CURVE ( 'NONE', #358, #605, #966, .T. ) ;
#1319 = CARTESIAN_POINT ( 'NONE',  ( 29.59999999999999432, -15.19999999999999751, 1.600000000000000089 ) ) ;
#1320 = DIRECTION ( 'NONE',  ( -0.000000000000000000, -0.000000000000000000, 1.000000000000000000 ) ) ;
#1321 = DIRECTION ( 'NONE',  ( 1.000000000000000000, 0.000000000000000000, 0.000000000000000000 ) ) ;
#1322 = ORIENTED_EDGE ( 'NONE', *, *, #190, .F. ) ;
#1323 = EDGE_LOOP ( 'NONE', ( #1420, #298, #394, #118, #541, #1290, #1761, #456 ) ) ;
#1324 = DIRECTION ( 'NONE',  ( -0.000000000000000000, -0.000000000000000000, 1.000000000000000000 ) ) ;
#1325 = ORIENTED_EDGE ( 'NONE', *, *, #1, .T. ) ;
#1326 = ADVANCED_FACE ( 'NONE', ( #826 ), #389, .F. ) ;
#1327 = PLANE ( 'NONE',  #865 ) ;
#1328 = CARTESIAN_POINT ( 'NONE',  ( 29.59999999999999787, 8.000000000000001776, -2.000000000000000000 ) ) ;
#1329 = FACE_OUTER_BOUND ( 'NONE', #1122, .T. ) ;
#1330 = ORIENTED_EDGE ( 'NONE', *, *, #728, .F. ) ;
#1331 = ORIENTED_EDGE ( 'NONE', *, *, #419, .T. ) ;
#1332 = CIRCLE ( 'NONE', #587, 2.999999999999999112 ) ;
#1333 = AXIS2_PLACEMENT_3D ( 'NONE', #1119, #867, #876 ) ;
#1334 = LINE ( 'NONE', #59, #155 ) ;
#1335 = VERTEX_POINT ( 'NONE', #105 ) ;
#1336 = CARTESIAN_POINT ( 'NONE',  ( 32.75000000000000000, -5.999999999999997335, 3.000000000000000000 ) ) ;
#1337 = EDGE_CURVE ( 'NONE', #266, #1552, #1097, .T. ) ;
#1338 = CARTESIAN_POINT ( 'NONE',  ( 0.000000000000000000, 0.000000000000000000, 1.600000000000000089 ) ) ;
#1339 = ORIENTED_EDGE ( 'NONE', *, *, #674, .F. ) ;
#1340 = EDGE_CURVE ( 'NONE', #875, #397, #93, .T. ) ;
#1341 = ORIENTED_EDGE ( 'NONE', *, *, #269, .F. ) ;
#1342 = AXIS2_PLACEMENT_3D ( 'NONE', #1085, #238, #1253 ) ;
#1343 = VECTOR ( 'NONE', #915, 1000.000000000000000 ) ;
#1344 = LINE ( 'NONE', #634, #1688 ) ;
#1345 = CARTESIAN_POINT ( 'NONE',  ( 21.34999999999998366, 11.85500000000000753, 2.990000000000000213 ) ) ;
#1346 = VECTOR ( 'NONE', #1625, 1000.000000000000000 ) ;
#1347 = DIRECTION ( 'NONE',  ( 0.000000000000000000, 0.000000000000000000, -1.000000000000000000 ) ) ;
#1348 = ADVANCED_FACE ( 'NONE', ( #547 ), #1514, .F. ) ;
#1349 = VECTOR ( 'NONE', #969, 1000.000000000000000 ) ;
#1350 = CARTESIAN_POINT ( 'NONE',  ( -25.40000000000000213, -8.400000000000000355, -3.899999999999999911 ) ) ;
#1351 = EDGE_LOOP ( 'NONE', ( #920, #532, #883, #1226 ) ) ;
#1352 = ADVANCED_FACE ( 'NONE', ( #1791 ), #417, .F. ) ;
#1353 = VERTEX_POINT ( 'NONE', #409 ) ;
#1354 = DIRECTION ( 'NONE',  ( 5.551115123125782702E-16, -1.000000000000000000, -7.186305762638912495E-32 ) ) ;
#1355 = CARTESIAN_POINT ( 'NONE',  ( 24.89999999999998792, 12.65500000000000824, 3.000000000000000000 ) ) ;
#1356 = ORIENTED_EDGE ( 'NONE', *, *, #1135, .F. ) ;
#1357 = PLANE ( 'NONE',  #1110 ) ;
#1358 = LINE ( 'NONE', #528, #87 ) ;
#1359 = DIRECTION ( 'NONE',  ( 0.000000000000000000, 0.000000000000000000, -1.000000000000000000 ) ) ;
#1360 = CARTESIAN_POINT ( 'NONE',  ( 23.74999999999999289, -7.499999999999997335, -2.000000000000000000 ) ) ;
#1361 = ORIENTED_EDGE ( 'NONE', *, *, #1242, .F. ) ;
#1362 = CARTESIAN_POINT ( 'NONE',  ( 32.75000000000000000, 0.000000000000000000, 0.8499999999999995337 ) ) ;
#1363 = CIRCLE ( 'NONE', #709, 2.999999999999999112 ) ;
#1364 = DIRECTION ( 'NONE',  ( 1.000000000000000000, -0.000000000000000000, 0.000000000000000000 ) ) ;
#1365 = VERTEX_POINT ( 'NONE', #1246 ) ;
#1366 = VECTOR ( 'NONE', #1347, 1000.000000000000000 ) ;
#1367 = CARTESIAN_POINT ( 'NONE',  ( 29.39999999999998792, -7.699999999999998401, 3.000000000000000000 ) ) ;
#1368 = DIRECTION ( 'NONE',  ( -4.476705744456276341E-16, -1.000000000000000000, 0.000000000000000000 ) ) ;
#1369 = FACE_OUTER_BOUND ( 'NONE', #1534, .T. ) ;
#1370 = LINE ( 'NONE', #364, #1033 ) ;
#1371 = VERTEX_POINT ( 'NONE', #128 ) ;
#1372 = EDGE_CURVE ( 'NONE', #535, #124, #1087, .T. ) ;
#1373 = CARTESIAN_POINT ( 'NONE',  ( 21.34999999999998366, 11.85500000000000753, 2.979999999999999982 ) ) ;
#1374 = VECTOR ( 'NONE', #283, 1000.000000000000000 ) ;
#1375 = FACE_OUTER_BOUND ( 'NONE', #1673, .T. ) ;
#1376 = ORIENTED_EDGE ( 'NONE', *, *, #536, .F. ) ;
#1377 = AXIS2_PLACEMENT_3D ( 'NONE', #1595, #1607, #70 ) ;
#1378 = DIRECTION ( 'NONE',  ( -0.000000000000000000, -0.000000000000000000, 1.000000000000000000 ) ) ;
#1379 = CARTESIAN_POINT ( 'NONE',  ( 29.59999999999999076, -5.999999999999997335, -0.9000000000000000222 ) ) ;
#1380 = AXIS2_PLACEMENT_3D ( 'NONE', #742, #1310, #1145 ) ;
#1381 = DIRECTION ( 'NONE',  ( 0.000000000000000000, 0.000000000000000000, -1.000000000000000000 ) ) ;
#1382 = LINE ( 'NONE', #1795, #443 ) ;
#1383 = ORIENTED_EDGE ( 'NONE', *, *, #1615, .T. ) ;
#1384 = CARTESIAN_POINT ( 'NONE',  ( 32.75000000000000000, -5.999999999999997335, 0.8499999999999995337 ) ) ;
#1385 = CARTESIAN_POINT ( 'NONE',  ( 32.75000000000000000, 7.699999999999999289, 3.000000000000001776 ) ) ;
#1386 = VERTEX_POINT ( 'NONE', #655 ) ;
#1387 = FILL_AREA_STYLE ('',( #378 ) ) ;
#1388 = LINE ( 'NONE', #114, #385 ) ;
#1389 = CARTESIAN_POINT ( 'NONE',  ( 22.14999999999998082, 7.750000000000003553, 2.990000000000000213 ) ) ;
#1390 = CARTESIAN_POINT ( 'NONE',  ( -29.60000000000001208, -12.19999999999999929, 1.600000000000000089 ) ) ;
#1391 = ORIENTED_EDGE ( 'NONE', *, *, #1726, .F. ) ;
#1392 = MANIFOLD_SOLID_BREP ( 'rpi header connector', #798 ) ;
#1393 = ADVANCED_FACE ( 'NONE', ( #555 ), #537, .F. ) ;
#1394 = UNCERTAINTY_MEASURE_WITH_UNIT (LENGTH_MEASURE( 1.000000000000000082E-05 ), #1238, 'distance_accuracy_value', 'NONE');
#1395 = DIRECTION ( 'NONE',  ( 1.000000000000000000, 0.000000000000000000, 0.000000000000000000 ) ) ;
#1396 = ORIENTED_EDGE ( 'NONE', *, *, #1255, .T. ) ;
#1397 = DIRECTION ( 'NONE',  ( -5.551115123125782702E-16, -1.000000000000000000, -0.000000000000000000 ) ) ;
#1398 = CARTESIAN_POINT ( 'NONE',  ( 32.75000000000000000, -5.999999999999997335, 2.999999999999999556 ) ) ;
#1399 = VECTOR ( 'NONE', #1586, 1000.000000000000000 ) ;
#1400 = DIRECTION ( 'NONE',  ( 3.227392513445222712E-15, 0.000000000000000000, -1.000000000000000000 ) ) ;
#1401 = ADVANCED_FACE ( 'NONE', ( #291 ), #444, .T. ) ;
#1402 = CARTESIAN_POINT ( 'NONE',  ( -29.60000000000001208, -12.19999999999999929, 0.000000000000000000 ) ) ;
#1403 = EDGE_LOOP ( 'NONE', ( #1474, #1602, #48, #743 ) ) ;
#1404 = PLANE ( 'NONE',  #692 ) ;
#1405 = ORIENTED_EDGE ( 'NONE', *, *, #1076, .T. ) ;
#1406 = DIRECTION ( 'NONE',  ( 1.000000000000000000, 0.000000000000000000, 0.000000000000000000 ) ) ;
#1407 = PLANE ( 'NONE',  #1229 ) ;
#1408 = VECTOR ( 'NONE', #91, 1000.000000000000000 ) ;
#1409 = ADVANCED_FACE ( 'NONE', ( #877, #1142 ), #1158, .T. ) ;
#1410 = CARTESIAN_POINT ( 'NONE',  ( -10.00000000000000533, 9.200000000000004619, -5.469999999999999751 ) ) ;
#1411 = ORIENTED_EDGE ( 'NONE', *, *, #617, .F. ) ;
#1412 = VECTOR ( 'NONE', #1008, 1000.000000000000000 ) ;
#1413 = EDGE_CURVE ( 'NONE', #479, #388, #428, .T. ) ;
#1414 = EDGE_CURVE ( 'NONE', #1797, #904, #1009, .T. ) ;
#1415 = ORIENTED_EDGE ( 'NONE', *, *, #589, .F. ) ;
#1416 = FACE_OUTER_BOUND ( 'NONE', #111, .T. ) ;
#1417 = DIRECTION ( 'NONE',  ( 0.000000000000000000, -1.000000000000000000, 0.000000000000000000 ) ) ;
#1418 = LINE ( 'NONE', #2, #646 ) ;
#1419 = LINE ( 'NONE', #559, #486 ) ;
#1420 = ORIENTED_EDGE ( 'NONE', *, *, #1479, .T. ) ;
#1421 = EDGE_LOOP ( 'NONE', ( #1003, #1528, #593, #355 ) ) ;
#1422 = DIRECTION ( 'NONE',  ( 0.000000000000000000, 1.000000000000000000, 0.000000000000000000 ) ) ;
#1423 = ADVANCED_FACE ( 'NONE', ( #990 ), #1167, .T. ) ;
#1424 = DIRECTION ( 'NONE',  ( 1.000000000000000000, -0.000000000000000000, 0.000000000000000000 ) ) ;
#1425 = VECTOR ( 'NONE', #1646, 1000.000000000000000 ) ;
#1426 = CARTESIAN_POINT ( 'NONE',  ( 32.59999999999999432, -12.19999999999999929, 0.000000000000000000 ) ) ;
#1427 = PRESENTATION_LAYER_ASSIGNMENT (  '', '', ( #1278 ) ) ;
#1428 = CARTESIAN_POINT ( 'NONE',  ( 32.75000000000000000, 0.000000000000000000, 0.8499999999999995337 ) ) ;
#1429 = ORIENTED_EDGE ( 'NONE', *, *, #682, .T. ) ;
#1430 = UNCERTAINTY_MEASURE_WITH_UNIT (LENGTH_MEASURE( 1.000000000000000082E-05 ), #1551, 'distance_accuracy_value', 'NONE');
#1431 = ORIENTED_EDGE ( 'NONE', *, *, #1318, .F. ) ;
#1432 = DIRECTION ( 'NONE',  ( -0.000000000000000000, -1.000000000000000000, -0.000000000000000000 ) ) ;
#1433 =( LENGTH_UNIT ( ) NAMED_UNIT ( * ) SI_UNIT ( .MILLI., .METRE. ) );
#1434 = EDGE_CURVE ( 'NONE', #239, #1353, #301, .T. ) ;
#1435 = VECTOR ( 'NONE', #796, 1000.000000000000000 ) ;
#1436 = CARTESIAN_POINT ( 'NONE',  ( 25.39999999999999858, -8.400000000000007461, -3.899999999999999911 ) ) ;
#1437 = VERTEX_POINT ( 'NONE', #156 ) ;
#1438 = AXIS2_PLACEMENT_3D ( 'NONE', #1728, #1454, #1589 ) ;
#1439 = ORIENTED_EDGE ( 'NONE', *, *, #1203, .F. ) ;
#1440 = LINE ( 'NONE', #1724, #275 ) ;
#1441 = AXIS2_PLACEMENT_3D ( 'NONE', #521, #529, #1400 ) ;
#1442 = CARTESIAN_POINT ( 'NONE',  ( 22.14999999999998082, -7.749999999999996447, 2.990000000000000213 ) ) ;
#1443 = PRESENTATION_STYLE_ASSIGNMENT (( #452 ) ) ;
#1444 = CARTESIAN_POINT ( 'NONE',  ( 9.999999999999994671, 15.19999999999999929, -5.469999999999999751 ) ) ;
#1445 = PLANE ( 'NONE',  #841 ) ;
#1446 = ORIENTED_EDGE ( 'NONE', *, *, #337, .T. ) ;
#1447 = ORIENTED_EDGE ( 'NONE', *, *, #1135, .T. ) ;
#1448 = EDGE_CURVE ( 'NONE', #848, #853, #34, .T. ) ;
#1449 = LINE ( 'NONE', #1715, #1100 ) ;
#1450 = DIRECTION ( 'NONE',  ( 1.000000000000000000, -1.365923996832131609E-16, 0.000000000000000000 ) ) ;
#1451 = PLANE ( 'NONE',  #664 ) ;
#1452 = DIRECTION ( 'NONE',  ( 0.000000000000000000, -0.000000000000000000, -1.000000000000000000 ) ) ;
#1453 = EDGE_CURVE ( 'NONE', #1536, #623, #1716, .T. ) ;
#1454 = DIRECTION ( 'NONE',  ( 1.294569758191642225E-16, 0.000000000000000000, 1.000000000000000000 ) ) ;
#1455 = VERTEX_POINT ( 'NONE', #868 ) ;
#1456 = ORIENTED_EDGE ( 'NONE', *, *, #1057, .F. ) ;
#1457 = CARTESIAN_POINT ( 'NONE',  ( 32.75000000000000000, -5.999999999999997335, 2.600000000000000089 ) ) ;
#1458 =( NAMED_UNIT ( * ) SI_UNIT ( $, .STERADIAN. ) SOLID_ANGLE_UNIT ( ) );
#1459 = PLANE ( 'NONE',  #562 ) ;
#1460 = VECTOR ( 'NONE', #1184, 1000.000000000000000 ) ;
#1461 = LINE ( 'NONE', #187, #1667 ) ;
#1462 = ORIENTED_EDGE ( 'NONE', *, *, #1636, .F. ) ;
#1463 = VECTOR ( 'NONE', #1811, 1000.000000000000000 ) ;
#1464 = ORIENTED_EDGE ( 'NONE', *, *, #1507, .T. ) ;
#1465 = EDGE_CURVE ( 'NONE', #1722, #485, #1133, .T. ) ;
#1466 = VECTOR ( 'NONE', #793, 1000.000000000000000 ) ;
#1467 = CARTESIAN_POINT ( 'NONE',  ( 29.59999999999999787, -12.19999999999999929, 1.600000000000000089 ) ) ;
#1468 = ORIENTED_EDGE ( 'NONE', *, *, #1796, .T. ) ;
#1469 = AXIS2_PLACEMENT_3D ( 'NONE', #789, #95, #1359 ) ;
#1470 = EDGE_CURVE ( 'NONE', #1722, #773, #177, .T. ) ;
#1471 = CARTESIAN_POINT ( 'NONE',  ( 23.74999999999999645, 8.000000000000001776, -2.000000000000000000 ) ) ;
#1472 = CARTESIAN_POINT ( 'NONE',  ( -27.20000000000001350, -11.85500000000000043, 2.979999999999999982 ) ) ;
#1473 = CARTESIAN_POINT ( 'NONE',  ( 32.75000000000000000, -5.999999999999997335, 2.600000000000000089 ) ) ;
#1474 = ORIENTED_EDGE ( 'NONE', *, *, #1448, .T. ) ;
#1475 = ORIENTED_EDGE ( 'NONE', *, *, #337, .F. ) ;
#1476 = EDGE_CURVE ( 'NONE', #1386, #1753, #738, .T. ) ;
#1477 = CARTESIAN_POINT ( 'NONE',  ( -28.00000000000000355, -12.65500000000000114, 3.000000000000000000 ) ) ;
#1478 = ORIENTED_EDGE ( 'NONE', *, *, #416, .F. ) ;
#1479 = EDGE_CURVE ( 'NONE', #918, #47, #166, .T. ) ;
#1480 = CARTESIAN_POINT ( 'NONE',  ( -25.40000000000000213, -8.400000000000000355, 0.000000000000000000 ) ) ;
#1481 = LINE ( 'NONE', #463, #352 ) ;
#1482 = CARTESIAN_POINT ( 'NONE',  ( 25.39999999999999858, -8.400000000000007461, -3.899999999999999911 ) ) ;
#1483 = ORIENTED_EDGE ( 'NONE', *, *, #1078, .T. ) ;
#1484 = ORIENTED_EDGE ( 'NONE', *, *, #746, .T. ) ;
#1485 = VECTOR ( 'NONE', #1368, 1000.000000000000000 ) ;
#1486 = DIRECTION ( 'NONE',  ( 0.000000000000000000, -0.000000000000000000, 1.000000000000000000 ) ) ;
#1487 = ORIENTED_EDGE ( 'NONE', *, *, #519, .F. ) ;
#1488 = CARTESIAN_POINT ( 'NONE',  ( 29.39999999999998792, 14.69999999999999929, 3.000000000000000000 ) ) ;
#1489 = DIRECTION ( 'NONE',  ( -0.000000000000000000, -0.000000000000000000, -1.000000000000000000 ) ) ;
#1490 = CARTESIAN_POINT ( 'NONE',  ( -25.40000000000000213, -8.400000000000000355, -3.899999999999999911 ) ) ;
#1491 = ORIENTED_EDGE ( 'NONE', *, *, #1783, .T. ) ;
#1492 = ADVANCED_FACE ( 'NONE', ( #1416 ), #1307, .F. ) ;
#1493 = ORIENTED_EDGE ( 'NONE', *, *, #21, .F. ) ;
#1494 = VECTOR ( 'NONE', #209, 1000.000000000000000 ) ;
#1495 = LINE ( 'NONE', #1193, #1191 ) ;
#1496 = EDGE_LOOP ( 'NONE', ( #632, #509, #1501, #823 ) ) ;
#1497 = PLANE ( 'NONE',  #1377 ) ;
#1498 = CARTESIAN_POINT ( 'NONE',  ( -32.60000000000000853, 12.20000000000000284, 1.600000000000000089 ) ) ;
#1499 = DIRECTION ( 'NONE',  ( 0.000000000000000000, 0.000000000000000000, 1.000000000000000000 ) ) ;
#1500 = DIRECTION ( 'NONE',  ( 0.000000000000000000, 1.000000000000000000, 0.000000000000000000 ) ) ;
#1501 = ORIENTED_EDGE ( 'NONE', *, *, #67, .F. ) ;
#1502 = LINE ( 'NONE', #1510, #546 ) ;
#1503 = DIRECTION ( 'NONE',  ( -1.000000000000000000, 0.000000000000000000, 0.000000000000000000 ) ) ;
#1504 = ORIENTED_EDGE ( 'NONE', *, *, #290, .F. ) ;
#1505 = CARTESIAN_POINT ( 'NONE',  ( -30.00000000000001421, 14.69999999999999929, 3.000000000000000000 ) ) ;
#1506 = CARTESIAN_POINT ( 'NONE',  ( 24.89999999999998792, 12.65500000000000824, 2.990000000000000213 ) ) ;
#1507 = EDGE_CURVE ( 'NONE', #1552, #1437, #1553, .T. ) ;
#1508 = PLANE ( 'NONE',  #561 ) ;
#1509 = ORIENTED_EDGE ( 'NONE', *, *, #1738, .T. ) ;
#1510 = CARTESIAN_POINT ( 'NONE',  ( 32.75000000000000000, -5.999999999999997335, -0.9000000000000000222 ) ) ;
#1511 = DIRECTION ( 'NONE',  ( 0.000000000000000000, 0.000000000000000000, -1.000000000000000000 ) ) ;
#1512 = EDGE_CURVE ( 'NONE', #683, #1116, #1020, .T. ) ;
#1513 = ORIENTED_EDGE ( 'NONE', *, *, #1573, .F. ) ;
#1514 = PLANE ( 'NONE',  #302 ) ;
#1515 = CARTESIAN_POINT ( 'NONE',  ( 29.59999999999999076, -7.499999999999998224, -2.000000000000000000 ) ) ;
#1516 = LINE ( 'NONE', #811, #1304 ) ;
#1517 = ORIENTED_EDGE ( 'NONE', *, *, #1213, .T. ) ;
#1518 = CYLINDRICAL_SURFACE ( 'NONE', #429, 2.149999999999999911 ) ;
#1519 = PLANE ( 'NONE',  #1342 ) ;
#1520 = ORIENTED_EDGE ( 'NONE', *, *, #134, .F. ) ;
#1521 = CARTESIAN_POINT ( 'NONE',  ( 29.59999999999999787, 8.000000000000001776, -2.000000000000000000 ) ) ;
#1522 = DIRECTION ( 'NONE',  ( 0.000000000000000000, -0.000000000000000000, -1.000000000000000000 ) ) ;
#1523 = ADVANCED_FACE ( 'NONE', ( #1150 ), #730, .T. ) ;
#1524 = LINE ( 'NONE', #970, #1425 ) ;
#1525 = AXIS2_PLACEMENT_3D ( 'NONE', #724, #1424, #294 ) ;
#1526 = ORIENTED_EDGE ( 'NONE', *, *, #477, .F. ) ;
#1527 = CARTESIAN_POINT ( 'NONE',  ( 21.34999999999998366, 11.85500000000000753, 2.979999999999999982 ) ) ;
#1528 = ORIENTED_EDGE ( 'NONE', *, *, #1507, .F. ) ;
#1529 = EDGE_CURVE ( 'NONE', #1670, #1797, #1741, .T. ) ;
#1530 = CARTESIAN_POINT ( 'NONE',  ( 29.59999999999999787, 8.000000000000001776, -2.000000000000000000 ) ) ;
#1531 = CARTESIAN_POINT ( 'NONE',  ( -30.00000000000001421, -14.69999999999999929, 1.600000000000000089 ) ) ;
#1532 = FACE_OUTER_BOUND ( 'NONE', #227, .T. ) ;
#1533 = LINE ( 'NONE', #873, #383 ) ;
#1534 = EDGE_LOOP ( 'NONE', ( #289, #621, #673, #1383 ) ) ;
#1535 = CARTESIAN_POINT ( 'NONE',  ( 23.74999999999999645, 8.000000000000001776, -2.000000000000000000 ) ) ;
#1536 = VERTEX_POINT ( 'NONE', #467 ) ;
#1537 = EDGE_CURVE ( 'NONE', #1549, #427, #1593, .T. ) ;
#1538 = LINE ( 'NONE', #1643, #1748 ) ;
#1539 = CARTESIAN_POINT ( 'NONE',  ( 24.89999999999998792, -12.65500000000000114, 3.000000000000000000 ) ) ;
#1540 = EDGE_CURVE ( 'NONE', #1303, #282, #1062, .T. ) ;
#1541 = DIRECTION ( 'NONE',  ( 0.000000000000000000, 0.000000000000000000, -1.000000000000000000 ) ) ;
#1542 = ORIENTED_EDGE ( 'NONE', *, *, #263, .T. ) ;
#1543 =( NAMED_UNIT ( * ) PLANE_ANGLE_UNIT ( ) SI_UNIT ( $, .RADIAN. ) );
#1544 = ORIENTED_EDGE ( 'NONE', *, *, #1769, .T. ) ;
#1545 = DIRECTION ( 'NONE',  ( 5.551115123125782702E-16, -1.000000000000000000, -7.186305762638912495E-32 ) ) ;
#1546 = AXIS2_PLACEMENT_3D ( 'NONE', #1299, #25, #313 ) ;
#1547 =( NAMED_UNIT ( * ) SI_UNIT ( $, .STERADIAN. ) SOLID_ANGLE_UNIT ( ) );
#1548 = LINE ( 'NONE', #1223, #130 ) ;
#1549 = VERTEX_POINT ( 'NONE', #642 ) ;
#1550 = AXIS2_PLACEMENT_3D ( 'NONE', #1490, #372, #205 ) ;
#1551 =( LENGTH_UNIT ( ) NAMED_UNIT ( * ) SI_UNIT ( .MILLI., .METRE. ) );
#1552 = VERTEX_POINT ( 'NONE', #1215 ) ;
#1553 = LINE ( 'NONE', #998, #1374 ) ;
#1554 = CARTESIAN_POINT ( 'NONE',  ( -29.60000000000001208, -15.19999999999999751, 1.600000000000000089 ) ) ;
#1555 = DIRECTION ( 'NONE',  ( 0.000000000000000000, 1.000000000000000000, 0.000000000000000000 ) ) ;
#1556 = ADVANCED_FACE ( 'NONE', ( #1621 ), #1045, .F. ) ;
#1557 = EDGE_LOOP ( 'NONE', ( #1314, #318, #1113, #563 ) ) ;
#1558 = ORIENTED_EDGE ( 'NONE', *, *, #418, .F. ) ;
#1559 = CARTESIAN_POINT ( 'NONE',  ( -32.60000000000000853, -15.19999999999999751, 0.000000000000000000 ) ) ;
#1560 = AXIS2_PLACEMENT_3D ( 'NONE', #699, #1541, #1571 ) ;
#1561 = DIRECTION ( 'NONE',  ( 0.000000000000000000, 1.000000000000000000, 3.614007241618359618E-16 ) ) ;
#1562 = VECTOR ( 'NONE', #616, 1000.000000000000000 ) ;
#1563 = DIRECTION ( 'NONE',  ( -1.000000000000000000, 0.000000000000000000, 0.000000000000000000 ) ) ;
#1564 = VERTEX_POINT ( 'NONE', #338 ) ;
#1565 = APPLICATION_PROTOCOL_DEFINITION ( 'draft international standard', 'automotive_design', 1998, #1817 ) ;
#1566 = EDGE_LOOP ( 'NONE', ( #825, #506, #518, #183, #1411, #1520, #1730, #611 ) ) ;
#1567 = LINE ( 'NONE', #176, #1291 ) ;
#1568 = CARTESIAN_POINT ( 'NONE',  ( -10.00000000000000533, 15.20000000000000107, 0.000000000000000000 ) ) ;
#1569 = CARTESIAN_POINT ( 'NONE',  ( 21.34999999999998366, -11.85500000000000043, 2.979999999999999982 ) ) ;
#1570 = AXIS2_PLACEMENT_3D ( 'NONE', #229, #534, #1115 ) ;
#1571 = DIRECTION ( 'NONE',  ( -1.000000000000000000, 0.000000000000000000, 0.000000000000000000 ) ) ;
#1572 = AXIS2_PLACEMENT_3D ( 'NONE', #1521, #250, #520 ) ;
#1573 = EDGE_CURVE ( 'NONE', #1006, #188, #1760, .T. ) ;
#1574 = ORIENTED_EDGE ( 'NONE', *, *, #170, .T. ) ;
#1575 = ORIENTED_EDGE ( 'NONE', *, *, #1318, .T. ) ;
#1576 = DIRECTION ( 'NONE',  ( 0.000000000000000000, 1.000000000000000000, 0.000000000000000000 ) ) ;
#1577 = VECTOR ( 'NONE', #1821, 1000.000000000000000 ) ;
#1578 = DIRECTION ( 'NONE',  ( 1.000000000000000000, 0.000000000000000000, -0.000000000000000000 ) ) ;
#1579 = ADVANCED_FACE ( 'NONE', ( #1172 ), #77, .T. ) ;
#1580 = LINE ( 'NONE', #1727, #1591 ) ;
#1581 = DIRECTION ( 'NONE',  ( 0.000000000000000000, -0.000000000000000000, 1.000000000000000000 ) ) ;
#1582 = ORIENTED_EDGE ( 'NONE', *, *, #419, .F. ) ;
#1583 = VERTEX_POINT ( 'NONE', #193 ) ;
#1584 = CARTESIAN_POINT ( 'NONE',  ( -25.40000000000000213, -8.400000000000000355, -3.899999999999999911 ) ) ;
#1585 = EDGE_CURVE ( 'NONE', #311, #535, #478, .T. ) ;
#1586 = DIRECTION ( 'NONE',  ( -1.000000000000000000, -0.000000000000000000, -0.000000000000000000 ) ) ;
#1587 = EDGE_CURVE ( 'NONE', #1619, #535, #201, .T. ) ;
#1588 = VECTOR ( 'NONE', #522, 1000.000000000000000 ) ;
#1589 = DIRECTION ( 'NONE',  ( 1.000000000000000000, 0.000000000000000000, -1.294569758191642225E-16 ) ) ;
#1590 = ORIENTED_EDGE ( 'NONE', *, *, #757, .T. ) ;
#1591 = VECTOR ( 'NONE', #1048, 1000.000000000000000 ) ;
#1592 = ORIENTED_EDGE ( 'NONE', *, *, #74, .F. ) ;
#1593 = LINE ( 'NONE', #604, #1661 ) ;
#1594 = ORIENTED_EDGE ( 'NONE', *, *, #997, .T. ) ;
#1595 = CARTESIAN_POINT ( 'NONE',  ( 29.59999999999999076, -5.999999999999997335, -0.9000000000000000222 ) ) ;
#1596 = CARTESIAN_POINT ( 'NONE',  ( 29.59999999999999432, 12.20000000000000284, 0.000000000000000000 ) ) ;
#1597 = VECTOR ( 'NONE', #581, 1000.000000000000000 ) ;
#1598 = LINE ( 'NONE', #1473, #309 ) ;
#1599 = ORIENTED_EDGE ( 'NONE', *, *, #342, .F. ) ;
#1600 = VECTOR ( 'NONE', #1674, 1000.000000000000000 ) ;
#1601 = EDGE_CURVE ( 'NONE', #1632, #765, #1053, .T. ) ;
#1602 = ORIENTED_EDGE ( 'NONE', *, *, #1763, .F. ) ;
#1603 = ADVANCED_FACE ( 'NONE', ( #1731 ), #66, .T. ) ;
#1604 = CARTESIAN_POINT ( 'NONE',  ( 32.75000000000000000, 0.000000000000000000, 0.000000000000000000 ) ) ;
#1605 = EDGE_LOOP ( 'NONE', ( #279, #210, #422, #693 ) ) ;
#1606 = VECTOR ( 'NONE', #1040, 1000.000000000000000 ) ;
#1607 = DIRECTION ( 'NONE',  ( 0.000000000000000000, -1.000000000000000000, 0.000000000000000000 ) ) ;
#1608 = LINE ( 'NONE', #1472, #320 ) ;
#1609 = PLANE ( 'NONE',  #869 ) ;
#1610 = EDGE_LOOP ( 'NONE', ( #1063, #1456, #1653, #592 ) ) ;
#1611 = ORIENTED_EDGE ( 'NONE', *, *, #1810, .F. ) ;
#1612 = DIRECTION ( 'NONE',  ( 0.000000000000000000, 1.000000000000000000, 0.000000000000000000 ) ) ;
#1613 = ORIENTED_EDGE ( 'NONE', *, *, #263, .F. ) ;
#1614 = CARTESIAN_POINT ( 'NONE',  ( 29.59999999999999432, -15.19999999999999751, 1.600000000000000089 ) ) ;
#1615 = EDGE_CURVE ( 'NONE', #479, #441, #49, .T. ) ;
#1616 = DIRECTION ( 'NONE',  ( 0.000000000000000000, 0.000000000000000000, 1.000000000000000000 ) ) ;
#1617 = PLANE ( 'NONE',  #753 ) ;
#1618 = ORIENTED_EDGE ( 'NONE', *, *, #1337, .T. ) ;
#1619 = VERTEX_POINT ( 'NONE', #508 ) ;
#1620 = CLOSED_SHELL ( 'NONE', ( #1352, #381, #1236, #1492, #90, #620 ) ) ;
#1621 = FACE_OUTER_BOUND ( 'NONE', #1272, .T. ) ;
#1622 = ORIENTED_EDGE ( 'NONE', *, *, #1076, .F. ) ;
#1623 = CARTESIAN_POINT ( 'NONE',  ( 24.89999999999998792, 12.65500000000000824, 2.990000000000000213 ) ) ;
#1624 = PRESENTATION_STYLE_ASSIGNMENT (( #1219 ) ) ;
#1625 = DIRECTION ( 'NONE',  ( -0.000000000000000000, 1.000000000000000000, -0.000000000000000000 ) ) ;
#1626 = LINE ( 'NONE', #226, #414 ) ;
#1627 = ORIENTED_EDGE ( 'NONE', *, *, #1726, .T. ) ;
#1628 = VECTOR ( 'NONE', #265, 1000.000000000000000 ) ;
#1629 = DIRECTION ( 'NONE',  ( 1.000000000000000000, 0.000000000000000000, -0.000000000000000000 ) ) ;
#1630 = DIRECTION ( 'NONE',  ( 0.000000000000000000, 0.000000000000000000, -1.000000000000000000 ) ) ;
#1631 = VECTOR ( 'NONE', #995, 1000.000000000000000 ) ;
#1632 = VERTEX_POINT ( 'NONE', #1355 ) ;
#1633 = EDGE_CURVE ( 'NONE', #1052, #39, #1334, .T. ) ;
#1634 = DIRECTION ( 'NONE',  ( -0.000000000000000000, 1.000000000000000000, -0.000000000000000000 ) ) ;
#1635 = LINE ( 'NONE', #637, #1830 ) ;
#1636 = EDGE_CURVE ( 'NONE', #441, #1809, #1495, .T. ) ;
#1637 = DIRECTION ( 'NONE',  ( 0.000000000000000000, 0.000000000000000000, 1.000000000000000000 ) ) ;
#1638 = DIRECTION ( 'NONE',  ( -1.000000000000000000, 0.000000000000000000, 0.000000000000000000 ) ) ;
#1639 = EDGE_LOOP ( 'NONE', ( #102, #86, #1163, #287 ) ) ;
#1640 = CARTESIAN_POINT ( 'NONE',  ( 32.75000000000000000, -7.699999999999999289, 2.600000000000000089 ) ) ;
#1641 = LINE ( 'NONE', #1527, #981 ) ;
#1642 = ORIENTED_EDGE ( 'NONE', *, *, #408, .F. ) ;
#1643 = CARTESIAN_POINT ( 'NONE',  ( 23.74999999999999645, 8.000000000000001776, 0.000000000000000000 ) ) ;
#1644 = LINE ( 'NONE', #925, #1654 ) ;
#1645 = DIRECTION ( 'NONE',  ( -1.000000000000000000, -0.000000000000000000, -0.000000000000000000 ) ) ;
#1646 = DIRECTION ( 'NONE',  ( -0.000000000000000000, -0.000000000000000000, 1.000000000000000000 ) ) ;
#1647 = EDGE_CURVE ( 'NONE', #65, #1797, #347, .T. ) ;
#1648 = VERTEX_POINT ( 'NONE', #776 ) ;
#1649 = CARTESIAN_POINT ( 'NONE',  ( -27.20000000000001350, 11.85500000000000043, 2.990000000000000213 ) ) ;
#1650 = EDGE_CURVE ( 'NONE', #1583, #1549, #1344, .T. ) ;
#1651 = AXIS2_PLACEMENT_3D ( 'NONE', #1815, #1678, #20 ) ;
#1652 = DIRECTION ( 'NONE',  ( 0.000000000000000000, 0.000000000000000000, -1.000000000000000000 ) ) ;
#1653 = ORIENTED_EDGE ( 'NONE', *, *, #982, .F. ) ;
#1654 = VECTOR ( 'NONE', #1666, 1000.000000000000000 ) ;
#1655 = CARTESIAN_POINT ( 'NONE',  ( 29.59999999999999076, -5.999999999999997335, -0.9000000000000000222 ) ) ;
#1656 = CARTESIAN_POINT ( 'NONE',  ( 32.75000000000000000, -5.999999999999997335, -0.9000000000000003553 ) ) ;
#1657 = DIRECTION ( 'NONE',  ( -0.000000000000000000, -0.000000000000000000, 1.000000000000000000 ) ) ;
#1658 = CARTESIAN_POINT ( 'NONE',  ( 24.89999999999998792, -7.749999999999996447, 3.000000000000000000 ) ) ;
#1659 = VERTEX_POINT ( 'NONE', #220 ) ;
#1660 = EDGE_CURVE ( 'NONE', #978, #358, #785, .T. ) ;
#1661 = VECTOR ( 'NONE', #498, 1000.000000000000000 ) ;
#1662 = CARTESIAN_POINT ( 'NONE',  ( -29.60000000000001208, 15.20000000000000107, 1.600000000000000089 ) ) ;
#1663 = EDGE_LOOP ( 'NONE', ( #1696, #553, #1415, #31 ) ) ;
#1664 = EDGE_CURVE ( 'NONE', #904, #1146, #42, .T. ) ;
#1665 =( GEOMETRIC_REPRESENTATION_CONTEXT ( 3 ) GLOBAL_UNCERTAINTY_ASSIGNED_CONTEXT ( ( #1196 ) ) GLOBAL_UNIT_ASSIGNED_CONTEXT ( ( #598, #1160, #1458 ) ) REPRESENTATION_CONTEXT ( 'NONE', 'WORKASPACE' ) );
#1666 = DIRECTION ( 'NONE',  ( -0.000000000000000000, -0.000000000000000000, 1.000000000000000000 ) ) ;
#1667 = VECTOR ( 'NONE', #1321, 1000.000000000000000 ) ;
#1668 = SURFACE_STYLE_FILL_AREA ( #1112 ) ;
#1669 = VECTOR ( 'NONE', #1381, 1000.000000000000000 ) ;
#1670 = VERTEX_POINT ( 'NONE', #126 ) ;
#1671 = ADVANCED_FACE ( 'NONE', ( #1225 ), #1519, .T. ) ;
#1672 = LINE ( 'NONE', #1072, #1408 ) ;
#1673 = EDGE_LOOP ( 'NONE', ( #1154, #786, #98, #1816 ) ) ;
#1674 = DIRECTION ( 'NONE',  ( 0.000000000000000000, 1.000000000000000000, 0.000000000000000000 ) ) ;
#1675 = DIRECTION ( 'NONE',  ( -0.000000000000000000, -0.000000000000000000, 1.000000000000000000 ) ) ;
#1676 = EDGE_CURVE ( 'NONE', #235, #892, #1641, .T. ) ;
#1677 = CARTESIAN_POINT ( 'NONE',  ( 21.34999999999998366, -11.85500000000000043, 2.990000000000000213 ) ) ;
#1678 = DIRECTION ( 'NONE',  ( 1.000000000000000000, -0.000000000000000000, 0.000000000000000000 ) ) ;
#1679 = ORIENTED_EDGE ( 'NONE', *, *, #1078, .F. ) ;
#1680 = ORIENTED_EDGE ( 'NONE', *, *, #50, .F. ) ;
#1681 = CARTESIAN_POINT ( 'NONE',  ( 32.75000000000000000, -5.999999999999997335, 3.000000000000000000 ) ) ;
#1682 = AXIS2_PLACEMENT_3D ( 'NONE', #691, #1136, #1822 ) ;
#1683 = CARTESIAN_POINT ( 'NONE',  ( 23.74999999999999645, 8.000000000000001776, -2.000000000000000000 ) ) ;
#1684 = PLANE ( 'NONE',  #1276 ) ;
#1685 = CARTESIAN_POINT ( 'NONE',  ( 0.000000000000000000, 0.000000000000000000, 0.000000000000000000 ) ) ;
#1686 = ORIENTED_EDGE ( 'NONE', *, *, #349, .F. ) ;
#1687 = ORIENTED_EDGE ( 'NONE', *, *, #1315, .F. ) ;
#1688 = VECTOR ( 'NONE', #1205, 1000.000000000000000 ) ;
#1689 = DIRECTION ( 'NONE',  ( 0.000000000000000000, -1.000000000000000000, 0.000000000000000000 ) ) ;
#1690 = VECTOR ( 'NONE', #625, 1000.000000000000000 ) ;
#1691 = ADVANCED_FACE ( 'NONE', ( #376 ), #1799, .F. ) ;
#1692 = SURFACE_SIDE_STYLE ('',( #1143 ) ) ;
#1693 = CARTESIAN_POINT ( 'NONE',  ( 32.59999999999999432, -12.19999999999999929, 1.600000000000000089 ) ) ;
#1694 = AXIS2_PLACEMENT_3D ( 'NONE', #1436, #30, #1289 ) ;
#1695 = CARTESIAN_POINT ( 'NONE',  ( -25.40000000000000213, -13.40000000000000213, -3.899999999999999911 ) ) ;
#1696 = ORIENTED_EDGE ( 'NONE', *, *, #1537, .T. ) ;
#1697 = VECTOR ( 'NONE', #859, 1000.000000000000000 ) ;
#1698 = EDGE_CURVE ( 'NONE', #266, #912, #1778, .T. ) ;
#1699 = ORIENTED_EDGE ( 'NONE', *, *, #1273, .F. ) ;
#1700 = DIRECTION ( 'NONE',  ( 1.000000000000000000, 0.000000000000000000, 0.000000000000000000 ) ) ;
#1701 = SURFACE_SIDE_STYLE ('',( #565 ) ) ;
#1702 = CARTESIAN_POINT ( 'NONE',  ( 9.999999999999994671, 15.19999999999999929, -5.469999999999999751 ) ) ;
#1703 = VERTEX_POINT ( 'NONE', #1789 ) ;
#1704 = PRODUCT_CONTEXT ( 'NONE', #1817, 'mechanical' ) ;
#1705 = ORIENTED_EDGE ( 'NONE', *, *, #88, .F. ) ;
#1706 = CARTESIAN_POINT ( 'NONE',  ( 29.39999999999998792, -7.699999999999999289, 2.600000000000000089 ) ) ;
#1707 = DIRECTION ( 'NONE',  ( 0.000000000000000000, -0.000000000000000000, 1.000000000000000000 ) ) ;
#1708 = ADVANCED_FACE ( 'NONE', ( #1234, #805 ), #1404, .F. ) ;
#1709 = VECTOR ( 'NONE', #844, 1000.000000000000000 ) ;
#1710 = DIRECTION ( 'NONE',  ( 0.000000000000000000, -0.000000000000000000, -1.000000000000000000 ) ) ;
#1711 = SURFACE_STYLE_USAGE ( .BOTH. , #583 ) ;
#1712 = EDGE_LOOP ( 'NONE', ( #1073, #1622, #457, #1594 ) ) ;
#1713 = ORIENTED_EDGE ( 'NONE', *, *, #1092, .F. ) ;
#1714 = ADVANCED_FACE ( 'NONE', ( #406 ), #694, .T. ) ;
#1715 = CARTESIAN_POINT ( 'NONE',  ( 23.74999999999999289, -7.499999999999997335, -2.000000000000000000 ) ) ;
#1716 = LINE ( 'NONE', #1725, #1745 ) ;
#1717 = MECHANICAL_DESIGN_GEOMETRIC_PRESENTATION_REPRESENTATION (  '', ( #245 ), #568 ) ;
#1718 = DIRECTION ( 'NONE',  ( 1.000000000000000000, 0.000000000000000000, 0.000000000000000000 ) ) ;
#1719 = FILL_AREA_STYLE_COLOUR ( '', #1198 ) ;
#1720 = ORIENTED_EDGE ( 'NONE', *, *, #831, .T. ) ;
#1721 = CIRCLE ( 'NONE', #630, 2.999999999999999112 ) ;
#1722 = VERTEX_POINT ( 'NONE', #943 ) ;
#1723 = ADVANCED_FACE ( 'NONE', ( #1375 ), #517, .F. ) ;
#1724 = CARTESIAN_POINT ( 'NONE',  ( 24.89999999999998792, 7.750000000000003553, 2.990000000000000213 ) ) ;
#1725 = CARTESIAN_POINT ( 'NONE',  ( 22.14999999999998082, 7.750000000000003553, 3.000000000000000000 ) ) ;
#1726 = EDGE_CURVE ( 'NONE', #1659, #1564, #675, .T. ) ;
#1727 = CARTESIAN_POINT ( 'NONE',  ( 23.74999999999999289, -7.499999999999997335, 0.000000000000000000 ) ) ;
#1728 = CARTESIAN_POINT ( 'NONE',  ( 32.75000000000000000, -5.999999999999997335, 2.999999999999999556 ) ) ;
#1729 = ORIENTED_EDGE ( 'NONE', *, *, #881, .F. ) ;
#1730 = ORIENTED_EDGE ( 'NONE', *, *, #1372, .F. ) ;
#1731 = FACE_OUTER_BOUND ( 'NONE', #835, .T. ) ;
#1732 = ORIENTED_EDGE ( 'NONE', *, *, #147, .F. ) ;
#1733 = LINE ( 'NONE', #1345, #1690 ) ;
#1734 = DIRECTION ( 'NONE',  ( 1.000000000000000000, 0.000000000000000000, 0.000000000000000000 ) ) ;
#1735 = CLOSED_SHELL ( 'NONE', ( #173, #195, #356, #1393, #919, #820, #1714, #1579, #606, #980 ) ) ;
#1736 = DIRECTION ( 'NONE',  ( -1.429226344780067770E-16, 1.000000000000000000, 0.000000000000000000 ) ) ;
#1737 = EDGE_LOOP ( 'NONE', ( #650, #215, #944, #1339, #1513, #1732 ) ) ;
#1738 = EDGE_CURVE ( 'NONE', #257, #902, #1672, .T. ) ;
#1739 = AXIS2_PLACEMENT_3D ( 'NONE', #599, #45, #204 ) ;
#1740 = ORIENTED_EDGE ( 'NONE', *, *, #416, .T. ) ;
#1741 = LINE ( 'NONE', #327, #1015 ) ;
#1742 = ORIENTED_EDGE ( 'NONE', *, *, #711, .F. ) ;
#1743 = LINE ( 'NONE', #510, #99 ) ;
#1744 = DIRECTION ( 'NONE',  ( -4.476705744456276341E-16, -1.000000000000000000, 0.000000000000000000 ) ) ;
#1745 = VECTOR ( 'NONE', #1700, 1000.000000000000000 ) ;
#1746 = LINE ( 'NONE', #1482, #1813 ) ;
#1747 = EDGE_LOOP ( 'NONE', ( #941, #413, #139, #1679 ) ) ;
#1748 = VECTOR ( 'NONE', #1406, 1000.000000000000000 ) ;
#1749 = AXIS2_PLACEMENT_3D ( 'NONE', #5, #719, #281 ) ;
#1750 = ORIENTED_EDGE ( 'NONE', *, *, #1010, .F. ) ;
#1751 = EDGE_CURVE ( 'NONE', #1703, #282, #816, .T. ) ;
#1752 = CARTESIAN_POINT ( 'NONE',  ( 32.75000000000000000, 7.699999999999999289, 2.600000000000001421 ) ) ;
#1753 = VERTEX_POINT ( 'NONE', #1662 ) ;
#1754 = AXIS2_PLACEMENT_3D ( 'NONE', #109, #1250, #1258 ) ;
#1755 = DIRECTION ( 'NONE',  ( 0.000000000000000000, 0.000000000000000000, 1.000000000000000000 ) ) ;
#1756 = PLANE ( 'NONE',  #445 ) ;
#1757 = CARTESIAN_POINT ( 'NONE',  ( -10.00000000000000533, 15.20000000000000107, -5.469999999999999751 ) ) ;
#1758 = EDGE_LOOP ( 'NONE', ( #1468, #489, #1093, #4 ) ) ;
#1759 = VERTEX_POINT ( 'NONE', #396 ) ;
#1760 = LINE ( 'NONE', #1752, #657 ) ;
#1761 = ORIENTED_EDGE ( 'NONE', *, *, #881, .T. ) ;
#1762 = FACE_OUTER_BOUND ( 'NONE', #756, .T. ) ;
#1763 = EDGE_CURVE ( 'NONE', #1031, #853, #972, .T. ) ;
#1764 = FACE_OUTER_BOUND ( 'NONE', #317, .T. ) ;
#1765 = SURFACE_STYLE_USAGE ( .BOTH. , #1210 ) ;
#1766 = ORIENTED_EDGE ( 'NONE', *, *, #501, .F. ) ;
#1767 = STYLED_ITEM ( 'NONE', ( #1221 ), #138 ) ;
#1768 = DIRECTION ( 'NONE',  ( 0.000000000000000000, 0.000000000000000000, 1.000000000000000000 ) ) ;
#1769 = EDGE_CURVE ( 'NONE', #1386, #144, #1264, .T. ) ;
#1770 = DIRECTION ( 'NONE',  ( -0.000000000000000000, -0.000000000000000000, 1.000000000000000000 ) ) ;
#1771 = EDGE_LOOP ( 'NONE', ( #244, #22, #1041, #1800 ) ) ;
#1772 = CARTESIAN_POINT ( 'NONE',  ( 29.59999999999999432, -15.19999999999999751, 0.000000000000000000 ) ) ;
#1773 = PLANE ( 'NONE',  #1550 ) ;
#1774 = LINE ( 'NONE', #639, #179 ) ;
#1775 = AXIS2_PLACEMENT_3D ( 'NONE', #794, #1364, #145 ) ;
#1776 = EDGE_LOOP ( 'NONE', ( #344, #806, #64, #720 ) ) ;
#1777 = DIRECTION ( 'NONE',  ( -1.000000000000000000, 0.000000000000000000, 1.294569758191642225E-16 ) ) ;
#1778 = LINE ( 'NONE', #1808, #1807 ) ;
#1779 = ORIENTED_EDGE ( 'NONE', *, *, #1763, .T. ) ;
#1780 = LINE ( 'NONE', #1228, #1463 ) ;
#1781 = AXIS2_PLACEMENT_3D ( 'NONE', #1350, #1784, #1209 ) ;
#1782 = CARTESIAN_POINT ( 'NONE',  ( 24.89999999999998792, -7.749999999999996447, 2.990000000000000213 ) ) ;
#1783 = EDGE_CURVE ( 'NONE', #911, #1759, #256, .T. ) ;
#1784 = DIRECTION ( 'NONE',  ( 1.000000000000000000, 0.000000000000000000, 0.000000000000000000 ) ) ;
#1785 = DIRECTION ( 'NONE',  ( 1.000000000000000000, 0.000000000000000000, 0.000000000000000000 ) ) ;
#1786 = EDGE_CURVE ( 'NONE', #716, #978, #653, .T. ) ;
#1787 = ORIENTED_EDGE ( 'NONE', *, *, #728, .T. ) ;
#1788 = DIRECTION ( 'NONE',  ( 0.000000000000000000, 0.000000000000000000, -1.000000000000000000 ) ) ;
#1789 = CARTESIAN_POINT ( 'NONE',  ( 32.75000000000000000, 7.699999999999999289, 3.000000000000001776 ) ) ;
#1790 = ORIENTED_EDGE ( 'NONE', *, *, #594, .T. ) ;
#1791 = FACE_OUTER_BOUND ( 'NONE', #1270, .T. ) ;
#1792 = DIRECTION ( 'NONE',  ( 0.000000000000000000, 0.000000000000000000, -1.000000000000000000 ) ) ;
#1793 = DIRECTION ( 'NONE',  ( -1.000000000000000000, 0.000000000000000000, -0.000000000000000000 ) ) ;
#1794 = ADVANCED_FACE ( 'NONE', ( #1818 ), #120, .F. ) ;
#1795 = CARTESIAN_POINT ( 'NONE',  ( 29.39999999999998792, -14.69999999999999929, 1.600000000000000089 ) ) ;
#1796 = EDGE_CURVE ( 'NONE', #1146, #65, #1292, .T. ) ;
#1797 = VERTEX_POINT ( 'NONE', #310 ) ;
#1798 = VECTOR ( 'NONE', #1320, 1000.000000000000000 ) ;
#1799 = PLANE ( 'NONE',  #1570 ) ;
#1800 = ORIENTED_EDGE ( 'NONE', *, *, #1647, .F. ) ;
#1801 = CIRCLE ( 'NONE', #663, 2.999999999999999112 ) ;
#1802 = DIRECTION ( 'NONE',  ( 1.000000000000000000, 0.000000000000000000, 0.000000000000000000 ) ) ;
#1803 = DIRECTION ( 'NONE',  ( -1.000000000000000000, 0.000000000000000000, 0.000000000000000000 ) ) ;
#1804 = DIRECTION ( 'NONE',  ( 0.000000000000000000, -0.000000000000000000, -1.000000000000000000 ) ) ;
#1805 = CARTESIAN_POINT ( 'NONE',  ( 32.75000000000000000, -5.999999999999997335, -1.300000000000000044 ) ) ;
#1806 = ORIENTED_EDGE ( 'NONE', *, *, #1650, .F. ) ;
#1807 = VECTOR ( 'NONE', #952, 1000.000000000000000 ) ;
#1808 = CARTESIAN_POINT ( 'NONE',  ( 25.39999999999999503, -13.40000000000000924, -3.899999999999999911 ) ) ;
#1809 = VERTEX_POINT ( 'NONE', #426 ) ;
#1810 = EDGE_CURVE ( 'NONE', #605, #716, #288, .T. ) ;
#1811 = DIRECTION ( 'NONE',  ( 0.000000000000000000, 1.000000000000000000, 0.000000000000000000 ) ) ;
#1812 = CARTESIAN_POINT ( 'NONE',  ( 29.59999999999999432, 12.20000000000000284, 1.600000000000000089 ) ) ;
#1813 = VECTOR ( 'NONE', #504, 1000.000000000000000 ) ;
#1814 = PLANE ( 'NONE',  #871 ) ;
#1815 = CARTESIAN_POINT ( 'NONE',  ( 22.14999999999998082, -7.749999999999996447, 2.990000000000000213 ) ) ;
#1816 = ORIENTED_EDGE ( 'NONE', *, *, #1573, .T. ) ;
#1817 = APPLICATION_CONTEXT ( 'automotive_design' ) ;
#1818 = FACE_OUTER_BOUND ( 'NONE', #759, .T. ) ;
#1819 = EDGE_LOOP ( 'NONE', ( #514, #113, #1493, #1740 ) ) ;
#1820 = DIRECTION ( 'NONE',  ( -1.000000000000000000, 1.482669637587015260E-16, -0.000000000000000000 ) ) ;
#1821 = DIRECTION ( 'NONE',  ( -0.000000000000000000, -0.000000000000000000, 1.000000000000000000 ) ) ;
#1822 = DIRECTION ( 'NONE',  ( 0.000000000000000000, 0.000000000000000000, 1.000000000000000000 ) ) ;
#1823 = LINE ( 'NONE', #845, #600 ) ;
#1824 = EDGE_LOOP ( 'NONE', ( #1483, #1750, #1611, #567 ) ) ;
#1825 = UNCERTAINTY_MEASURE_WITH_UNIT (LENGTH_MEASURE( 1.000000000000000082E-05 ), #455, 'distance_accuracy_value', 'NONE');
#1826 = SHAPE_DEFINITION_REPRESENTATION ( #80, #539 ) ;
#1827 = ORIENTED_EDGE ( 'NONE', *, *, #1769, .F. ) ;
#1828 = EDGE_CURVE ( 'NONE', #676, #1455, #272, .T. ) ;
#1829 = CARTESIAN_POINT ( 'NONE',  ( -32.60000000000000853, 15.20000000000000107, 1.600000000000000089 ) ) ;
#1830 = VECTOR ( 'NONE', #232, 1000.000000000000000 ) ;
ENDSEC;
END-ISO-10303-21;
